employee_name,empid,marriedid,maritalstatusid,genderid,empstatusid,deptid,perfscoreid,fromdiversityjobfairid,salary,termd,positionid,position,state,zip,dob,sex,maritaldesc,citizendesc,hispaniclatino,racedesc,dateofhire,dateoftermination,termreason,employmentstatus,department,managername,managerid,recruitmentsource,performancescore,engagementsurvey,empsatisfaction,specialprojectscount,lastperformancereview_date,dayslatelast30,absences,age,tenure_years,status
"Adinolfi, Wilson  K",10026,0,0,1,1,5,4,0,62506,0,19,Production Technician I,MA,1960,10-07-1983,M,Single,US Citizen,No,White,05-07-2011,Still Working,N/A-StillEmployed,Active,Production,Michael Albert,22,LinkedIn,Exceeds,4.6,5,0,17-01-2019,0,1,42,14,Active
"Ait Sidi, Karthikeyan   ",10084,1,1,1,5,3,3,0,104437,1,27,Sr. DBA,MA,2148,05-05-1975,M,Married,US Citizen,No,White,10-01-2011,16-06-2016 00:00,career change,Voluntarily Terminated,It/Is,Simon Roup,4,Indeed,Fully Meets,4.96,3,6,24-02-2016,0,17,50,14,Terminated
"Akinkuolie, Sarah",10196,1,1,0,5,5,3,0,64955,1,20,Production Technician II,MA,1810,08-06-1980,F,Married,US Citizen,No,White,05-07-2011,24-09-2012 00:00,hours,Voluntarily Terminated,Production,Kissy Sullivan,20,LinkedIn,Fully Meets,3.02,3,0,15-05-2012,0,3,45,14,Terminated
"Alagbe,Trina",10088,1,1,0,1,5,3,0,64991,0,19,Production Technician I,MA,1886,08-06-1980,F,Married,US Citizen,No,White,07-01-2008,Still Working,N/A-StillEmployed,Active,Production,Elijiah Gray,16,Indeed,Fully Meets,4.84,5,0,14-07-2010,0,15,45,17,Active
"Anderson, Carol ",10069,0,2,0,5,5,3,0,50825,1,19,Production Technician I,MA,2169,08-09-1989,F,Divorced,US Citizen,No,White,11-07-2011,Still Working,return to school,Voluntarily Terminated,Production,Webster Butler,39,Google Search,Fully Meets,5,4,0,14-07-2010,0,2,36,14,Active
"Anderson, Linda  ",10002,0,0,0,1,5,4,0,57568,0,19,Production Technician I,MA,1844,08-06-1980,F,Single,US Citizen,No,White,09-01-2012,Still Working,N/A-StillEmployed,Active,Production,Amy Dunn,11,LinkedIn,Exceeds,5,5,0,14-07-2010,0,15,45,13,Active
"Andreola, Colby",10194,0,0,0,1,4,3,0,95660,0,24,Software Engineer,MA,2110,08-06-1980,F,Single,US Citizen,No,White,10-11-2014,Still Working,N/A-StillEmployed,Active,Software Engineering,Alex Sweetwater,10,LinkedIn,Fully Meets,3.04,3,4,14-07-2010,0,19,45,10,Active
"Athwal, Sam",10062,0,4,1,1,5,3,0,59365,0,19,Production Technician I,MA,2199,08-06-1980,M,Widowed,US Citizen,No,White,10-01-2011,Still Working,N/A-StillEmployed,Active,Production,Ketsia Liebig,19,Employee Referral,Fully Meets,5,4,0,25-02-2019,0,19,45,14,Active
"Bachiochi, Linda",10114,0,0,0,3,5,3,1,47837,0,19,Production Technician I,MA,1902,11-02-1970,F,Single,US Citizen,No,Black or African American,06-07-2009,Still Working,N/A-StillEmployed,Active,Production,Brannon Miller,12,Diversity Job Fair,Fully Meets,4.46,3,0,25-01-2019,0,4,55,16,Active
"Bacong, Alejandro ",10250,0,2,1,1,3,3,0,50178,0,14,IT Support,MA,1886,07-01-1988,M,Divorced,US Citizen,No,White,05-01-2015,Still Working,N/A-StillEmployed,Active,It/Is,Peter Monroe,7,Indeed,Fully Meets,5,5,6,18-02-2019,0,16,37,10,Active
"Baczenski, Rachael  ",10252,1,1,0,5,5,3,1,54670,1,19,Production Technician I,MA,1902,12-01-1974,F,Married,US Citizen,Yes,Black or African American,10-01-2011,Still Working,Another position,Voluntarily Terminated,Production,David Stanley,14,Diversity Job Fair,Fully Meets,4.2,4,0,30-01-2016,0,12,51,14,Active
"Barbara, Thomas",10242,1,1,1,5,5,3,1,47211,1,19,Production Technician I,MA,2062,08-06-1980,M,Married,US Citizen,Yes,Black or African American,02-04-2012,19-09-2016 00:00,unhappy,Voluntarily Terminated,Production,Kissy Sullivan,20,Diversity Job Fair,Fully Meets,4.2,3,0,14-07-2010,0,15,45,13,Terminated
"Barbossa, Hector",10012,0,2,1,1,3,4,1,92328,0,9,Data Analyst,TX,78230,04-07-1988,M,Divorced,US Citizen,No,Black or African American,10-11-2014,Still Working,N/A-StillEmployed,Active,It/Is,Simon Roup,4,Diversity Job Fair,Exceeds,4.28,4,5,25-02-2019,0,9,37,10,Active
"Barone, Francesco  A",10265,0,0,1,1,5,3,0,58709,0,19,Production Technician I,MA,1810,08-06-1980,M,Single,US Citizen,No,Two or more races,10-01-2011,Still Working,N/A-StillEmployed,Active,Production,Kelley Spirea,18,Google Search,Fully Meets,4.6,4,0,14-02-2019,0,7,45,14,Active
"Barton, Nader",10066,0,2,1,5,5,3,0,52505,1,19,Production Technician I,MA,2747,08-06-1980,M,Divorced,US Citizen,No,White,10-01-2011,Still Working,Another position,Voluntarily Terminated,Production,Michael Albert,22,On-line Web application,Fully Meets,5,5,0,14-07-2010,0,1,45,14,Active
"Bates, Norman",10061,0,0,1,4,5,3,0,57834,1,19,Production Technician I,MA,2050,08-06-1980,M,Single,US Citizen,No,White,10-01-2011,Still Working,attendance,Terminated For Cause,Production,Kelley Spirea,18,Google Search,Fully Meets,5,4,0,14-07-2010,0,20,45,14,Active
"Beak, Kimberly  ",10023,1,1,0,2,5,4,0,70131,0,20,Production Technician II,MA,2145,08-06-1980,F,Married,US Citizen,No,White,10-01-2011,Still Working,N/A-StillEmployed,Active,Production,Kelley Spirea,18,Employee Referral,Exceeds,4.4,3,0,14-01-2019,0,16,45,14,Active
"Beatrice, Courtney ",10055,0,0,0,1,5,3,0,59026,0,19,Production Technician I,MA,1915,08-06-1980,F,Single,Eligible NonCitizen,No,White,04-04-2011,Still Working,N/A-StillEmployed,Active,Production,Elijiah Gray,16,Google Search,Fully Meets,5,5,0,14-01-2019,0,12,45,14,Active
"Becker, Renee",10245,0,0,0,4,3,3,0,110000,1,8,Database Administrator,MA,2026,04-04-1986,F,Single,US Citizen,Yes,White,07-07-2014,Still Working,performance,Terminated For Cause,It/Is,Simon Roup,4,Google Search,Fully Meets,4.5,4,5,15-01-2015,0,8,39,11,Active
"Becker, Scott",10277,0,0,1,3,5,3,0,53250,0,19,Production Technician I,MA,2452,06-04-1979,M,Single,US Citizen,No,Asian,08-07-2013,Still Working,N/A-StillEmployed,Active,Production,Webster Butler,-1,LinkedIn,Fully Meets,4.2,4,0,14-07-2010,0,13,46,12,Active
"Bernstein, Sean",10046,0,0,1,1,5,3,0,51044,0,19,Production Technician I,MA,2072,08-06-1980,M,Single,US Citizen,Yes,White,02-04-2012,Still Working,N/A-StillEmployed,Active,Production,Amy Dunn,11,Google Search,Fully Meets,5,3,0,14-01-2019,0,13,45,13,Active
"Biden, Lowan  M",10226,0,2,0,1,5,3,0,64919,0,19,Production Technician I,MA,2027,08-06-1980,F,Divorced,US Citizen,No,Asian,10-01-2011,Still Working,N/A-StillEmployed,Active,Production,Ketsia Liebig,19,Indeed,Fully Meets,4.2,3,0,14-07-2010,0,2,45,14,Active
"Billis, Helen",10003,1,1,0,1,5,4,0,62910,0,19,Production Technician I,MA,2031,01-09-1989,F,Married,US Citizen,No,White,07-07-2014,Still Working,N/A-StillEmployed,Active,Production,Brannon Miller,12,Indeed,Exceeds,5,3,0,27-02-2019,0,19,36,11,Active
"Blount, Dianna",10294,0,0,0,1,5,2,0,66441,0,20,Production Technician II,MA,2171,08-06-1980,F,Single,US Citizen,No,White,04-04-2011,Still Working,N/A-StillEmployed,Active,Production,Michael Albert,22,CareerBuilder,Needs Improvement,2,3,0,27-02-2019,2,3,45,14,Active
"Bondwell, Betsy",10267,0,0,0,5,5,3,0,57815,1,20,Production Technician II,MA,2210,08-06-1980,F,Single,US Citizen,No,White,10-01-2011,Still Working,career change,Voluntarily Terminated,Production,Elijiah Gray,16,Google Search,Fully Meets,4.8,5,0,14-07-2010,0,5,45,14,Active
"Booth, Frank",10199,0,0,1,4,3,3,0,103613,1,30,Enterprise Architect,CT,6033,08-06-1980,M,Single,US Citizen,No,Black or African American,10-01-2011,19-02-2016 00:00,Learned that he is a gangster,Terminated For Cause,It/Is,Simon Roup,4,LinkedIn,Fully Meets,3.5,5,7,14-07-2010,0,2,45,14,Terminated
"Boutwell, Bonalyn",10081,1,1,0,1,1,3,1,106367,0,26,Sr. Accountant,MA,2468,04-04-1987,F,Married,US Citizen,No,Black or African American,10-01-2011,Still Working,N/A-StillEmployed,Active,Admin Offices,Brandon R. LeBlanc,3,Diversity Job Fair,Fully Meets,5,4,3,18-02-2019,0,4,38,14,Active
"Bozzi, Charles",10175,0,0,1,5,5,3,0,74312,1,18,Production Manager,MA,1901,10-03-1970,M,Single,US Citizen,No,Asian,10-01-2011,Still Working,retiring,Voluntarily Terminated,Production,Janet King,2,Indeed,Fully Meets,3.39,3,0,20-02-2014,0,14,55,14,Active
"Brill, Donna",10177,1,1,0,5,5,3,0,53492,1,19,Production Technician I,MA,1701,08-06-1980,F,Married,US Citizen,No,White,02-04-2012,15-06-2013 00:00,Another position,Voluntarily Terminated,Production,David Stanley,14,Google Search,Fully Meets,3.35,4,0,14-07-2010,0,6,45,13,Terminated
"Brown, Mia",10238,1,1,0,1,1,3,1,63000,0,1,Accountant I,MA,1450,08-06-1980,F,Married,US Citizen,No,Black or African American,10-01-2011,Still Working,N/A-StillEmployed,Active,Admin Offices,Brandon R. LeBlanc,1,Diversity Job Fair,Fully Meets,4.5,2,6,15-01-2019,0,14,45,14,Active
"Buccheri, Joseph  ",10184,0,0,1,1,5,3,0,65288,0,20,Production Technician II,MA,1013,08-06-1980,M,Single,US Citizen,No,White,10-01-2011,Still Working,N/A-StillEmployed,Active,Production,Webster Butler,-1,Google Search,Fully Meets,3.19,3,0,14-07-2010,0,9,45,14,Active
"Bugali, Josephine ",10203,0,3,0,3,5,3,1,64375,0,19,Production Technician I,MA,2043,08-06-1980,F,Separated,US Citizen,No,Black or African American,11-11-2013,Still Working,N/A-StillEmployed,Active,Production,Kissy Sullivan,20,Diversity Job Fair,Fully Meets,3.5,5,0,21-01-2019,0,17,45,11,Active
"Bunbury, Jessica",10188,1,1,0,5,6,3,0,74326,1,3,Area Sales Manager,VA,21851,01-06-1964,F,Married,Eligible NonCitizen,No,Black or African American,10-01-2011,Still Working,Another position,Voluntarily Terminated,Sales,John Smith,17,Google Search,Fully Meets,3.14,5,0,14-07-2010,1,19,61,14,Active
"Burke, Joelle",10107,0,0,0,1,5,3,0,63763,0,20,Production Technician II,MA,2148,02-03-1980,F,Single,US Citizen,No,Black or African American,05-03-2012,Still Working,N/A-StillEmployed,Active,Production,Amy Dunn,11,Employee Referral,Fully Meets,4.51,4,0,21-02-2019,0,3,45,13,Active
"Burkett, Benjamin ",10181,1,1,1,1,5,3,0,62162,0,20,Production Technician II,MA,1890,08-06-1980,M,Married,US Citizen,No,White,04-04-2011,Still Working,N/A-StillEmployed,Active,Production,Ketsia Liebig,19,Indeed,Fully Meets,3.25,5,0,14-01-2019,0,15,45,14,Active
"Cady, Max ",10150,0,0,1,1,4,3,0,77692,0,25,Software Engineering Manager,MA,2184,08-06-1980,M,Single,US Citizen,No,White,10-01-2011,Still Working,N/A-StillEmployed,Active,Software Engineering,Jennifer Zamora,5,Google Search,Fully Meets,3.84,3,5,21-01-2019,0,4,45,14,Active
"Candie, Calvin",10001,0,0,1,1,5,4,0,72640,0,18,Production Manager,MA,2169,09-08-1983,M,Single,US Citizen,No,White,10-01-2011,Still Working,N/A-StillEmployed,Active,Production,Janet King,2,Indeed,Exceeds,5,3,0,22-02-2019,0,14,42,14,Active
"Carabbio, Judith",10085,0,0,0,1,4,3,0,93396,0,24,Software Engineer,MA,2132,05-04-1987,F,Single,US Citizen,No,White,11-11-2013,Still Working,N/A-StillEmployed,Active,Software Engineering,Alex Sweetwater,10,Indeed,Fully Meets,4.96,4,6,30-01-2019,0,3,38,11,Active
"Carey, Michael  ",10115,0,0,1,1,5,3,0,52846,0,19,Production Technician I,MA,1701,02-02-1983,M,Single,US Citizen,No,Black or African American,10-01-2011,Still Working,N/A-StillEmployed,Active,Production,Kelley Spirea,18,LinkedIn,Fully Meets,4.43,3,0,14-07-2010,0,14,42,14,Active
"Carr, Claudia  N",10082,0,0,0,2,3,3,0,100031,0,27,Sr. DBA,MA,1886,06-06-1986,F,Single,US Citizen,No,Black or African American,10-01-2011,Still Working,N/A-StillEmployed,Active,It/Is,Simon Roup,4,LinkedIn,Fully Meets,5,5,6,18-02-2019,0,7,39,14,Active
"Carter, Michelle ",10040,0,0,0,1,6,3,0,71860,0,3,Area Sales Manager,VT,5664,08-06-1980,F,Single,US Citizen,No,White,10-01-2011,Still Working,N/A-StillEmployed,Active,Sales,John Smith,17,Indeed,Fully Meets,5,5,0,21-01-2019,0,7,45,14,Active
"Chace, Beatrice ",10067,0,0,0,1,5,3,0,61656,0,19,Production Technician I,MA,2763,02-01-1951,F,Single,US Citizen,No,White,10-01-2011,Still Working,N/A-StillEmployed,Active,Production,Michael Albert,22,Google Search,Fully Meets,5,4,0,14-07-2010,0,11,74,14,Active
"Champaigne, Brian",10108,1,1,1,1,3,3,0,110929,0,5,BI Director,MA,2045,09-02-1972,M,Married,US Citizen,No,White,06-09-2016,Still Working,N/A-StillEmployed,Active,It/Is,Jennifer Zamora,5,Indeed,Fully Meets,4.5,5,7,15-01-2019,0,8,53,9,Active
"Chan, Lin",10210,0,0,0,1,5,3,0,54237,0,19,Production Technician I,MA,2170,12-02-1979,F,Single,US Citizen,No,White,12-05-2014,Still Working,N/A-StillEmployed,Active,Production,Elijiah Gray,16,Indeed,Fully Meets,3.3,4,0,19-02-2019,0,11,46,11,Active
"Chang, Donovan  E",10154,0,0,1,1,5,3,0,60380,0,19,Production Technician I,MA,1845,08-06-1980,M,Single,US Citizen,No,White,08-07-2013,Still Working,N/A-StillEmployed,Active,Production,Webster Butler,-1,LinkedIn,Fully Meets,3.8,5,0,14-01-2019,0,4,45,12,Active
"Chigurh, Anton",10200,0,0,1,1,6,3,0,66808,0,3,Area Sales Manager,TX,78207,11-06-1970,M,Single,Eligible NonCitizen,No,Black or African American,10-01-2011,Still Working,N/A-StillEmployed,Active,Sales,Lynn Daneault,21,Employee Referral,Fully Meets,3,5,0,19-01-2019,0,17,55,14,Active
"Chivukula, Enola",10240,0,0,0,5,5,3,0,64786,1,19,Production Technician I,MA,1775,08-06-1980,F,Single,US Citizen,No,White,10-01-2011,15-11-2015 00:00,relocation out of area,Voluntarily Terminated,Production,Amy Dunn,11,Indeed,Fully Meets,4.3,4,0,14-07-2010,0,3,45,14,Terminated
"Cierpiszewski, Caroline  ",10168,0,0,0,1,5,3,0,64816,0,19,Production Technician I,MA,2044,08-06-1980,F,Single,Non-Citizen,No,Black or African American,03-10-2011,Still Working,N/A-StillEmployed,Active,Production,Ketsia Liebig,19,Indeed,Fully Meets,3.58,5,0,30-01-2019,0,3,45,14,Active
"Clayton, Rick",10220,0,0,1,1,3,3,0,68678,0,14,IT Support,MA,2170,05-09-1985,M,Single,US Citizen,No,White,05-09-2012,Still Working,N/A-StillEmployed,Active,It/Is,Eric Dougall,6,Indeed,Fully Meets,4.7,3,6,27-02-2019,0,2,40,13,Active
"Cloninger, Jennifer",10275,1,1,0,5,5,3,0,64066,1,20,Production Technician II,MA,1752,08-06-1980,F,Married,US Citizen,No,White,10-01-2011,Still Working,unhappy,Voluntarily Terminated,Production,Brannon Miller,12,Google Search,Fully Meets,4.2,5,0,14-07-2010,0,9,45,14,Active
"Close, Phil",10269,1,1,1,5,5,3,0,59369,1,20,Production Technician II,MA,2169,08-06-1980,M,Married,US Citizen,No,White,10-01-2011,26-09-2011 00:00,career change,Voluntarily Terminated,Production,David Stanley,14,Indeed,Fully Meets,4.2,4,0,14-07-2010,0,6,45,14,Terminated
"Clukey, Elijian",10029,1,1,1,2,5,4,0,50373,0,19,Production Technician I,MA,2134,08-06-1980,M,Married,US Citizen,No,White,06-07-2016,Still Working,N/A-StillEmployed,Active,Production,Brannon Miller,12,Employee Referral,Exceeds,4.1,4,0,28-02-2019,0,5,45,9,Active
"Cockel, James",10261,0,0,1,1,5,3,0,63108,0,19,Production Technician I,MA,2452,08-09-1977,M,Single,US Citizen,No,White,08-07-2013,Still Working,N/A-StillEmployed,Active,Production,David Stanley,14,Employee Referral,Fully Meets,4.4,5,0,14-01-2019,0,3,48,12,Active
"Cole, Spencer",10292,0,0,1,4,5,2,0,59144,1,19,Production Technician I,MA,1880,12-08-1979,M,Single,US Citizen,No,Black or African American,11-07-2011,23-09-2016 00:00,performance,Terminated For Cause,Production,Kissy Sullivan,20,LinkedIn,Needs Improvement,2,3,0,14-07-2010,5,16,46,14,Terminated
"Corleone, Michael",10282,0,2,1,1,5,2,0,68051,0,18,Production Manager,MA,1803,08-06-1980,M,Divorced,US Citizen,No,White,10-01-2011,Still Working,N/A-StillEmployed,Active,Production,Janet King,2,CareerBuilder,Needs Improvement,4.13,2,0,14-01-2019,3,3,45,14,Active
"Corleone, Vito",10019,0,0,1,1,5,4,0,170500,0,10,Director of Operations,MA,2030,08-06-1980,M,Single,US Citizen,No,Black or African American,05-01-2009,Still Working,N/A-StillEmployed,Active,Production,Janet King,2,Indeed,Exceeds,3.7,5,0,14-07-2010,0,15,45,16,Active
"Cornett, Lisa ",10094,1,1,0,1,5,3,0,63381,0,19,Production Technician I,MA,2189,08-06-1980,F,Married,US Citizen,Yes,White,05-01-2015,Still Working,N/A-StillEmployed,Active,Production,Kelley Spirea,18,Indeed,Fully Meets,4.73,5,0,14-02-2019,0,6,45,10,Active
"Costello, Frank",10193,1,1,1,1,3,3,0,83552,0,9,Data Analyst,MA,1810,08-06-1980,M,Married,US Citizen,No,White,10-01-2011,Still Working,N/A-StillEmployed,Active,It/Is,Simon Roup,4,Indeed,Fully Meets,3.04,3,6,22-01-2019,0,2,45,14,Active
"Crimmings,   Jean",10132,0,0,0,2,5,3,0,56149,0,19,Production Technician I,MA,1821,10-04-1987,F,Single,US Citizen,No,White,06-07-2016,Still Working,N/A-StillEmployed,Active,Production,Michael Albert,22,LinkedIn,Fully Meets,4.12,5,0,28-01-2019,0,15,38,9,Active
"Cross, Noah",10083,0,0,1,1,3,3,0,92329,0,28,Sr. Network Engineer,CT,6278,09-09-1965,M,Single,US Citizen,No,White,10-11-2014,Still Working,N/A-StillEmployed,Active,It/Is,Peter Monroe,7,Employee Referral,Fully Meets,5,3,4,14-07-2010,0,5,60,10,Active
"Daneault, Lynn",10099,0,0,0,1,6,3,0,65729,0,21,Sales Manager,VT,5473,08-06-1980,F,Single,US Citizen,No,White,05-05-2014,Still Working,N/A-StillEmployed,Active,Sales,Debra Houlihan,15,Indeed,Fully Meets,4.62,4,0,24-01-2019,0,8,45,11,Active
"Daniele, Ann  ",10212,1,1,0,3,3,3,0,85028,0,28,Sr. Network Engineer,CT,6033,08-06-1980,F,Married,US Citizen,No,White,10-11-2014,Still Working,N/A-StillEmployed,Active,It/Is,Peter Monroe,7,LinkedIn,Fully Meets,3.1,5,8,14-07-2010,0,19,45,10,Active
"Darson, Jene'ya ",10056,1,1,0,1,5,3,0,57583,0,19,Production Technician I,MA,2110,05-11-1978,F,Married,US Citizen,No,White,02-07-2012,Still Working,N/A-StillEmployed,Active,Production,Elijiah Gray,16,Indeed,Fully Meets,5,3,0,25-02-2019,0,1,46,13,Active
"Davis, Daniel",10143,0,0,1,1,5,3,0,56294,0,20,Production Technician II,MA,2458,08-06-1980,M,Single,Eligible NonCitizen,No,Two or more races,07-11-2011,Still Working,N/A-StillEmployed,Active,Production,Kissy Sullivan,20,LinkedIn,Fully Meets,3.96,4,0,27-02-2019,0,6,45,13,Active
"Dee, Randy",10311,1,1,1,1,6,1,0,56991,0,19,Production Technician I,MA,2138,08-06-1980,M,Married,US Citizen,No,White,09-07-2018,Still Working,N/A-StillEmployed,Active,Production,Brannon Miller,12,Indeed,Fully Meets,4.3,4,3,31-01-2019,2,2,45,7,Active
"DeGweck,  James",10070,1,1,1,5,5,3,0,55722,1,19,Production Technician I,MA,1810,08-06-1980,M,Married,US Citizen,No,White,10-01-2011,Still Working,unhappy,Voluntarily Terminated,Production,Webster Butler,39,Indeed,Fully Meets,5,4,0,14-07-2010,0,14,45,14,Active
"Del Bosque, Keyla",10155,0,0,0,1,4,3,0,101199,0,24,Software Engineer,MA,2176,05-07-1979,F,Single,US Citizen,No,Black or African American,09-01-2012,Still Working,N/A-StillEmployed,Active,Software Engineering,Alex Sweetwater,10,CareerBuilder,Fully Meets,3.79,5,5,25-01-2019,0,8,46,13,Active
"Delarge, Alex",10306,0,0,1,1,6,1,0,61568,0,3,Area Sales Manager,AL,36006,02-11-1975,M,Single,US Citizen,No,Two or more races,10-01-2011,Still Working,N/A-StillEmployed,Active,Sales,John Smith,17,Indeed,Pip,1.93,3,0,30-01-2019,6,5,49,14,Active
"Demita, Carla",10100,0,3,0,5,5,3,0,58275,1,20,Production Technician II,MA,2343,08-06-1980,F,Separated,US Citizen,No,Black or African American,04-04-2011,Still Working,more money,Voluntarily Terminated,Production,Kelley Spirea,18,Google Search,Fully Meets,4.62,5,0,14-07-2010,0,1,45,14,Active
"Desimone, Carl ",10310,1,1,1,1,5,1,0,53189,0,19,Production Technician I,MA,2061,08-06-1980,M,Married,US Citizen,No,White,07-07-2014,Still Working,N/A-StillEmployed,Active,Production,Amy Dunn,11,Indeed,Pip,1.12,2,0,31-01-2019,4,9,45,11,Active
"DeVito, Tommy",10197,0,0,1,1,3,3,0,96820,0,4,BI Developer,MA,2045,04-09-1983,M,Single,US Citizen,No,White,10-01-2011,Still Working,N/A-StillEmployed,Active,It/Is,Brian Champaigne,13,Indeed,Fully Meets,3.01,5,7,23-01-2019,0,15,42,14,Active
"Dickinson, Geoff ",10276,0,0,1,1,5,3,0,51259,0,19,Production Technician I,MA,2180,08-06-1980,M,Single,US Citizen,No,White,12-05-2014,Still Working,N/A-StillEmployed,Active,Production,Ketsia Liebig,19,Indeed,Fully Meets,4.3,4,0,19-02-2019,0,1,45,11,Active
"Dietrich, Jenna  ",10304,0,0,0,1,6,1,0,59231,0,3,Area Sales Manager,WA,98052,08-06-1980,F,Single,US Citizen,Yes,White,10-01-2011,Still Working,N/A-StillEmployed,Active,Sales,John Smith,17,Website,Pip,2.3,1,0,29-01-2019,2,17,45,14,Active
"DiNocco, Lily ",10284,1,1,0,1,5,2,0,61584,0,19,Production Technician I,MA,2351,02-12-1978,F,Married,US Citizen,No,Black or African American,07-01-2013,Still Working,N/A-StillEmployed,Active,Production,Brannon Miller,12,Indeed,Needs Improvement,3.88,4,0,18-01-2019,0,6,46,12,Active
"Dobrin, Denisa  S",10207,0,0,0,1,5,3,0,46335,0,19,Production Technician I,MA,2125,07-10-1986,F,Single,US Citizen,Yes,White,02-04-2012,Still Working,N/A-StillEmployed,Active,Production,David Stanley,14,CareerBuilder,Fully Meets,3.4,5,0,19-02-2019,0,15,39,13,Active
"Dolan, Linda",10133,1,1,0,1,3,3,0,70621,0,14,IT Support,MA,2119,08-06-1980,F,Married,US Citizen,No,White,05-01-2015,Still Working,N/A-StillEmployed,Active,It/Is,Peter Monroe,7,Employee Referral,Fully Meets,4.11,4,6,25-02-2019,0,16,45,10,Active
"Dougall, Eric",10028,0,0,1,1,3,4,0,138888,0,13,IT Manager - Support,MA,1886,09-07-1970,M,Single,US Citizen,No,Black or African American,05-01-2014,Still Working,N/A-StillEmployed,Active,It/Is,Jennifer Zamora,5,Indeed,Exceeds,4.3,5,5,14-07-2010,0,4,55,11,Active
"Driver, Elle",10006,0,0,0,1,6,4,0,74241,0,3,Area Sales Manager,CA,90007,08-11-1988,F,Single,US Citizen,No,White,10-01-2011,Still Working,N/A-StillEmployed,Active,Sales,Lynn Daneault,21,Indeed,Exceeds,4.77,5,0,27-01-2019,0,14,36,14,Active
"Dunn, Amy  ",10105,0,0,0,1,5,3,0,75188,0,18,Production Manager,MA,1731,08-06-1980,F,Single,US Citizen,No,White,10-01-2011,Still Working,N/A-StillEmployed,Active,Production,Janet King,2,Google Search,Fully Meets,4.52,4,0,15-01-2019,0,4,45,14,Active
"Dunne, Amy",10211,1,1,0,1,5,3,0,62514,0,19,Production Technician I,MA,1749,08-06-1980,F,Married,US Citizen,No,White,10-01-2011,Still Working,N/A-StillEmployed,Active,Production,Ketsia Liebig,19,Google Search,Fully Meets,2.9,3,0,21-01-2019,0,6,45,14,Active
"Eaton, Marianne",10064,1,1,0,5,5,3,0,60070,1,19,Production Technician I,MA,2343,05-09-1991,F,Married,US Citizen,No,White,04-04-2011,Still Working,military,Voluntarily Terminated,Production,Kissy Sullivan,20,Google Search,Fully Meets,5,3,0,14-07-2010,0,7,34,14,Active
"Engdahl, Jean",10247,0,0,1,1,5,3,0,48888,0,19,Production Technician I,MA,2026,08-06-1980,M,Single,US Citizen,No,White,10-11-2014,Still Working,N/A-StillEmployed,Active,Production,Kelley Spirea,18,LinkedIn,Fully Meets,4.7,5,0,13-02-2019,0,8,45,10,Active
"England, Rex",10235,1,1,1,1,5,3,0,54285,0,19,Production Technician I,MA,2045,08-06-1980,M,Married,US Citizen,No,White,10-01-2011,Still Working,N/A-StillEmployed,Active,Production,Kelley Spirea,18,Employee Referral,Fully Meets,4.2,3,0,14-07-2010,0,3,45,14,Active
"Erilus, Angela",10299,0,3,0,1,5,1,0,56847,0,20,Production Technician II,MA,2133,08-06-1980,F,Separated,US Citizen,No,White,07-07-2014,Still Working,N/A-StillEmployed,Active,Production,Michael Albert,22,Indeed,Pip,3,1,0,25-02-2019,2,5,45,11,Active
"Estremera, Miguel",10280,0,0,1,4,5,2,0,60340,1,19,Production Technician I,MA,2129,02-09-1983,M,Single,US Citizen,No,White,02-04-2012,27-09-2018 00:00,attendance,Terminated For Cause,Production,Michael Albert,22,Google Search,Needs Improvement,5,4,0,14-07-2010,5,16,42,13,Terminated
"Evensen, April",10296,0,0,0,4,5,2,0,59124,1,19,Production Technician I,MA,2458,06-05-1989,F,Single,US Citizen,No,White,10-01-2011,25-02-2018 00:00,"no-call, no-show",Terminated For Cause,Production,Elijiah Gray,16,Google Search,Needs Improvement,2.3,3,0,15-01-2017,5,19,36,14,Terminated
"Exantus, Susan",10290,1,1,0,4,4,2,0,99280,1,24,Software Engineer,MA,1749,08-06-1980,F,Married,US Citizen,No,Black or African American,02-05-2011,Still Working,attendance,Terminated For Cause,Software Engineering,Alex Sweetwater,10,Indeed,Needs Improvement,2.1,5,4,14-07-2010,4,19,45,14,Active
"Faller, Megan ",10263,1,1,0,1,5,3,0,71776,0,20,Production Technician II,MA,1824,08-06-1980,F,Married,US Citizen,No,Black or African American,07-07-2014,Still Working,N/A-StillEmployed,Active,Production,Elijiah Gray,16,LinkedIn,Fully Meets,4.4,5,0,22-02-2019,0,17,45,11,Active
"Fancett, Nicole",10136,0,0,0,1,5,3,0,65902,0,20,Production Technician II,MA,2324,08-06-1980,F,Single,US Citizen,No,Black or African American,10-01-2011,Still Working,N/A-StillEmployed,Active,Production,Webster Butler,-1,LinkedIn,Fully Meets,4,4,0,14-07-2010,0,7,45,14,Active
"Ferguson, Susan",10189,1,1,0,5,5,3,0,57748,1,19,Production Technician I,MA,2176,08-06-1980,F,Married,US Citizen,No,White,07-11-2011,17-05-2016 00:00,military,Voluntarily Terminated,Production,Webster Butler,39,Google Search,Fully Meets,3.13,3,0,14-07-2010,0,16,45,13,Terminated
"Fernandes, Nilson  ",10308,1,1,1,1,5,1,0,64057,0,19,Production Technician I,MA,2132,08-06-1980,M,Married,US Citizen,No,White,11-05-2015,Still Working,N/A-StillEmployed,Active,Production,Amy Dunn,11,Indeed,Pip,1.56,5,0,14-07-2010,6,15,45,10,Active
"Fett, Boba",10309,0,0,1,1,3,1,0,53366,0,15,Network Engineer,MA,2138,08-06-1980,M,Single,US Citizen,No,White,10-01-2011,Still Working,N/A-StillEmployed,Active,It/Is,Peter Monroe,7,LinkedIn,Pip,1.2,3,6,14-07-2010,3,2,45,14,Active
"Fidelia,  Libby",10049,1,1,0,1,5,3,0,58530,0,19,Production Technician I,MA,2155,08-06-1980,F,Married,US Citizen,No,White,09-01-2012,Still Working,N/A-StillEmployed,Active,Production,Brannon Miller,12,Google Search,Fully Meets,5,5,0,29-01-2019,0,19,45,13,Active
"Fitzpatrick, Michael  J",10093,0,0,1,5,5,3,0,72609,1,20,Production Technician II,MA,2143,01-10-1981,M,Single,US Citizen,Yes,White,10-01-2011,24-06-2013 00:00,hours,Voluntarily Terminated,Production,Amy Dunn,11,Google Search,Fully Meets,4.76,5,0,14-07-2010,0,20,44,14,Terminated
"Foreman, Tanya",10163,1,1,0,5,5,3,0,55965,1,20,Production Technician II,MA,2170,08-11-1983,F,Married,US Citizen,No,White,04-04-2011,Still Working,career change,Voluntarily Terminated,Production,Ketsia Liebig,19,Google Search,Fully Meets,3.66,3,0,14-07-2010,0,6,41,14,Active
"Forrest, Alex",10305,1,1,1,1,6,3,0,70187,1,3,Area Sales Manager,MA,2330,07-07-1975,M,Married,US Citizen,No,White,10-01-2011,19-08-2018 00:00,Fatal attraction,Terminated For Cause,Sales,Lynn Daneault,21,Employee Referral,Pip,2,5,0,28-01-2019,4,7,50,14,Terminated
"Foss, Jason",10015,0,0,1,1,3,4,0,178000,0,12,IT Director,MA,1460,05-07-1980,M,Single,US Citizen,No,Black or African American,10-01-2011,Still Working,N/A-StillEmployed,Active,It/Is,Jennifer Zamora,5,Indeed,Exceeds,5,5,5,14-07-2010,0,15,45,14,Active
"Foster-Baker, Amy",10080,1,1,0,1,1,3,0,99351,0,26,Sr. Accountant,MA,2050,08-06-1980,F,Married,US Citizen,no,White,05-01-2009,Still Working,N/A-StillEmployed,Active,Admin Offices,Board of Directors,9,Other,Fully Meets,5,3,2,14-07-2010,0,3,45,16,Active
"Fraval, Maruk ",10258,0,0,1,1,6,3,0,67251,0,3,Area Sales Manager,CT,6050,08-06-1980,M,Single,US Citizen,No,Black or African American,06-09-2011,Still Working,N/A-StillEmployed,Active,Sales,Lynn Daneault,21,CareerBuilder,Fully Meets,4.3,3,0,27-01-2019,2,7,45,14,Active
"Galia, Lisa",10273,0,0,0,1,3,3,0,65707,0,14,IT Support,CT,6040,06-07-1968,F,Single,US Citizen,No,White,01-05-2010,Still Working,N/A-StillEmployed,Active,It/Is,Eric Dougall,6,LinkedIn,Fully Meets,4.7,4,5,14-07-2010,0,1,57,15,Active
"Garcia, Raul",10111,0,0,1,1,5,3,0,52249,0,19,Production Technician I,MA,1905,08-06-1980,M,Single,US Citizen,Yes,White,10-01-2011,Still Working,N/A-StillEmployed,Active,Production,David Stanley,14,Employee Referral,Fully Meets,4.5,3,0,18-02-2019,0,5,45,14,Active
"Gaul, Barbara",10257,0,0,0,1,5,3,0,53171,0,19,Production Technician I,MA,2121,02-12-1983,F,Single,US Citizen,Yes,Black or African American,10-01-2011,Still Working,N/A-StillEmployed,Active,Production,Kelley Spirea,18,LinkedIn,Fully Meets,4.2,4,0,26-02-2019,0,12,41,14,Active
"Gentry, Mildred",10159,1,1,0,1,5,3,0,51337,0,19,Production Technician I,MA,2145,01-10-1990,F,Married,US Citizen,No,Black or African American,10-01-2011,Still Working,N/A-StillEmployed,Active,Production,Michael Albert,22,LinkedIn,Fully Meets,3.73,3,0,16-01-2019,0,19,35,14,Active
"Gerke, Melisa",10122,0,2,0,5,5,3,1,51505,1,19,Production Technician I,MA,2330,08-06-1980,F,Divorced,US Citizen,No,Black or African American,07-11-2011,15-11-2016 00:00,hours,Voluntarily Terminated,Production,Elijiah Gray,16,Diversity Job Fair,Fully Meets,4.24,4,0,29-04-2016,0,2,45,13,Terminated
"Gill, Whitney  ",10142,0,4,0,4,6,3,0,59370,1,3,Area Sales Manager,OH,43050,10-07-1971,F,Widowed,US Citizen,No,Black or African American,07-07-2014,Still Working,attendance,Terminated For Cause,Sales,John Smith,17,CareerBuilder,Fully Meets,3.97,4,0,15-01-2014,0,7,54,11,Active
"Gilles, Alex",10283,1,1,1,5,5,2,1,54933,1,19,Production Technician I,MA,2062,09-08-1974,M,Married,US Citizen,No,Black or African American,02-04-2012,25-06-2015 00:00,military,Voluntarily Terminated,Production,Webster Butler,39,Diversity Job Fair,Needs Improvement,3.97,4,0,20-01-2015,3,15,51,13,Terminated
"Girifalco, Evelyn",10018,0,0,0,1,5,4,0,57815,0,19,Production Technician I,MA,2451,08-05-1980,F,Single,US Citizen,Yes,Two or more races,10-01-2011,Still Working,N/A-StillEmployed,Active,Production,Amy Dunn,11,Indeed,Exceeds,3.9,4,0,14-07-2010,0,3,45,14,Active
"Givens, Myriam",10255,0,0,0,1,6,3,0,61555,0,3,Area Sales Manager,IN,46204,08-06-1980,F,Single,US Citizen,No,White,10-01-2011,Still Working,N/A-StillEmployed,Active,Sales,Lynn Daneault,21,Indeed,Fully Meets,4.5,5,0,25-01-2019,0,20,45,14,Active
"Goble, Taisha",10246,0,0,0,4,3,3,0,114800,1,8,Database Administrator,MA,2127,08-06-1980,F,Single,US Citizen,No,White,10-01-2011,15-03-2015 00:00,"no-call, no-show",Terminated For Cause,It/Is,Simon Roup,4,Indeed,Fully Meets,4.6,4,4,20-01-2015,0,10,45,14,Terminated
"Goeth, Amon",10228,1,1,1,1,3,3,0,74679,0,14,IT Support,MA,2135,08-06-1980,M,Married,US Citizen,Yes,White,10-01-2011,Still Working,N/A-StillEmployed,Active,It/Is,Peter Monroe,7,LinkedIn,Fully Meets,4.3,5,7,14-07-2010,0,20,45,14,Active
"Gold, Shenice  ",10243,0,0,0,1,5,3,0,53018,0,19,Production Technician I,MA,2451,08-06-1980,F,Single,US Citizen,Yes,White,11-11-2013,Still Working,N/A-StillEmployed,Active,Production,Ketsia Liebig,19,Indeed,Fully Meets,4.3,5,0,18-02-2019,0,7,45,11,Active
"Gonzalez, Cayo",10031,0,2,1,1,5,4,1,59892,0,19,Production Technician I,MA,2108,08-06-1980,M,Divorced,US Citizen,No,Black or African American,11-07-2011,Still Working,N/A-StillEmployed,Active,Production,Brannon Miller,12,Diversity Job Fair,Exceeds,4.5,4,0,18-02-2019,0,1,45,14,Active
"Gonzalez, Juan",10300,1,1,1,5,5,1,1,68898,1,20,Production Technician II,MA,2128,12-10-1964,M,Married,US Citizen,No,Black or African American,10-01-2011,30-05-2011 00:00,career change,Voluntarily Terminated,Production,Brannon Miller,12,Diversity Job Fair,Pip,3,3,0,14-07-2010,3,10,61,14,Terminated
"Gonzalez, Maria",10101,0,3,0,1,3,3,0,61242,0,14,IT Support,MA,2472,08-06-1980,F,Separated,US Citizen,Yes,White,05-01-2015,Still Working,N/A-StillEmployed,Active,It/Is,Peter Monroe,7,Employee Referral,Fully Meets,4.61,4,5,28-01-2019,0,11,45,10,Active
"Good, Susan",10237,1,1,0,3,5,3,0,66825,0,20,Production Technician II,MA,1886,08-06-1980,F,Married,US Citizen,No,White,12-05-2014,Still Working,N/A-StillEmployed,Active,Production,David Stanley,14,LinkedIn,Fully Meets,4.6,3,0,14-07-2010,0,20,45,11,Active
"Gordon, David",10051,1,1,1,1,5,3,0,48285,0,19,Production Technician I,MA,2169,08-06-1980,M,Married,US Citizen,No,White,02-07-2012,Still Working,N/A-StillEmployed,Active,Production,David Stanley,14,LinkedIn,Fully Meets,5,3,0,14-01-2019,0,2,45,13,Active
"Gosciminski, Phylicia  ",10218,0,3,0,3,5,3,0,66149,0,20,Production Technician II,MA,1824,08-12-1983,F,Separated,US Citizen,No,American Indian or Alaska Native,10-01-2011,Still Working,N/A-StillEmployed,Active,Production,Kissy Sullivan,20,Google Search,Fully Meets,4.4,5,0,21-02-2019,0,1,41,14,Active
"Goyal, Roxana",10256,1,1,0,3,5,3,0,49256,0,19,Production Technician I,MA,1864,09-10-1974,F,Married,US Citizen,No,Asian,10-01-2011,Still Working,N/A-StillEmployed,Active,Production,Kissy Sullivan,20,LinkedIn,Fully Meets,4.1,5,0,15-02-2019,0,3,51,14,Active
"Gray, Elijiah  ",10098,0,2,1,1,5,3,0,62957,0,18,Production Manager,MA,1752,11-07-1981,M,Divorced,US Citizen,No,White,02-06-2015,Still Working,N/A-StillEmployed,Active,Production,Janet King,2,Employee Referral,Fully Meets,4.63,3,0,14-07-2010,0,2,44,10,Active
"Gross, Paula",10059,0,2,0,5,5,3,0,63813,1,19,Production Technician I,MA,2176,08-06-1980,F,Divorced,US Citizen,No,White,10-01-2011,Still Working,more money,Voluntarily Terminated,Production,Kelley Spirea,18,CareerBuilder,Fully Meets,5,5,0,14-07-2010,0,17,45,14,Active
"Gruber, Hans",10234,1,1,1,1,3,3,0,99020,0,4,BI Developer,MA,2134,08-06-1980,M,Married,US Citizen,No,Black or African American,10-01-2011,Still Working,N/A-StillEmployed,Active,It/Is,Brian Champaigne,13,Indeed,Fully Meets,4.2,5,5,28-01-2019,0,8,45,14,Active
"Guilianno, Mike",10109,0,0,1,5,6,3,0,71707,1,3,Area Sales Manager,TN,37129,09-02-1969,M,Single,US Citizen,No,Two or more races,07-03-2012,31-10-2014 00:00,relocation out of area,Voluntarily Terminated,Sales,John Smith,17,LinkedIn,Fully Meets,4.5,5,0,14-07-2010,0,20,56,13,Terminated
"Handschiegl, Joanne",10125,1,1,0,1,5,3,0,54828,0,19,Production Technician I,MA,2127,08-06-1980,F,Married,US Citizen,No,White,10-01-2011,Still Working,N/A-StillEmployed,Active,Production,Michael Albert,22,Google Search,Fully Meets,4.2,4,0,22-02-2019,0,13,45,14,Active
"Hankard, Earnest",10074,0,0,1,1,5,3,0,64246,0,20,Production Technician II,MA,2155,10-08-1988,M,Single,US Citizen,Yes,White,11-11-2013,Still Working,N/A-StillEmployed,Active,Production,Kelley Spirea,18,LinkedIn,Fully Meets,5,3,0,14-07-2010,0,20,37,11,Active
"Harrington, Christie ",10097,0,0,0,5,5,3,0,52177,1,19,Production Technician I,MA,2324,08-06-1980,F,Single,US Citizen,No,White,09-01-2012,15-12-2015 00:00,retiring,Voluntarily Terminated,Production,Webster Butler,39,CareerBuilder,Fully Meets,4.64,4,0,14-07-2010,0,8,45,13,Terminated
"Harrison, Kara",10007,1,1,0,1,5,4,0,62065,0,19,Production Technician I,MA,1886,02-05-1974,F,Married,US Citizen,No,White,12-05-2014,Still Working,N/A-StillEmployed,Active,Production,Amy Dunn,11,CareerBuilder,Exceeds,4.76,4,0,15-02-2019,0,5,51,11,Active
"Heitzman, Anthony",10129,0,0,1,1,5,3,0,46998,0,19,Production Technician I,MA,2149,04-01-1984,M,Single,US Citizen,No,White,10-01-2011,Still Working,N/A-StillEmployed,Active,Production,Ketsia Liebig,19,Google Search,Fully Meets,4.17,4,0,14-07-2010,0,1,41,14,Active
"Hendrickson, Trina",10075,0,0,0,5,5,3,0,68099,1,20,Production Technician II,MA,2021,08-06-1980,F,Single,US Citizen,No,White,10-01-2011,18-06-2013 00:00,hours,Voluntarily Terminated,Production,Kelley Spirea,18,CareerBuilder,Fully Meets,5,3,0,30-01-2013,0,15,45,14,Terminated
"Hitchcock, Alfred",10167,1,1,1,1,6,3,0,70545,0,3,Area Sales Manager,NH,3062,08-06-1980,M,Married,US Citizen,No,American Indian or Alaska Native,10-01-2011,Still Working,N/A-StillEmployed,Active,Sales,John Smith,17,Indeed,Fully Meets,3.6,5,0,30-01-2019,0,9,45,14,Active
"Homberger, Adrienne  J",10195,1,1,0,5,5,3,0,63478,1,20,Production Technician II,MA,2445,08-06-1980,F,Married,Non-Citizen,No,White,10-01-2011,Still Working,relocation out of area,Voluntarily Terminated,Production,Michael Albert,30,Indeed,Fully Meets,3.03,5,0,14-07-2010,0,16,45,14,Active
"Horton, Jayne",10112,0,0,0,1,3,3,0,97999,0,8,Database Administrator,MA,2493,08-06-1980,F,Single,US Citizen,No,White,10-01-2011,Still Working,N/A-StillEmployed,Active,It/Is,Simon Roup,4,Indeed,Fully Meets,4.48,5,6,14-07-2010,0,4,45,14,Active
"Houlihan, Debra",10272,1,1,0,1,6,3,0,180000,0,11,Director of Sales,RI,2908,08-06-1980,F,Married,US Citizen,No,White,05-05-2014,Still Working,N/A-StillEmployed,Active,Sales,Janet King,2,LinkedIn,Fully Meets,4.5,4,0,21-01-2019,0,19,45,11,Active
"Howard, Estelle",10182,1,1,0,1,1,3,0,49920,1,2,Administrative Assistant,MA,2170,08-06-1980,F,Married,US Citizen,No,Black or African American,10-01-2011,15-04-2015 00:00,"no-call, no-show",Terminated For Cause,Admin Offices,Brandon R. LeBlanc,1,Indeed,Fully Meets,3.24,3,4,15-04-2015,0,6,45,14,Terminated
"Hudson, Jane",10248,0,0,0,1,5,3,0,55425,0,19,Production Technician I,MA,2176,10-06-1986,F,Single,US Citizen,No,White,10-01-2011,Still Working,N/A-StillEmployed,Active,Production,Ketsia Liebig,19,LinkedIn,Fully Meets,4.8,4,0,14-07-2010,0,4,39,14,Active
"Hunts, Julissa",10201,0,0,0,2,5,3,0,69340,0,20,Production Technician II,MA,2021,11-03-1984,F,Single,US Citizen,No,White,06-06-2016,Still Working,N/A-StillEmployed,Active,Production,Elijiah Gray,16,LinkedIn,Fully Meets,3,5,0,18-01-2019,0,4,41,9,Active
"Hutter, Rosalie",10214,0,3,0,2,5,3,0,64995,0,20,Production Technician II,MA,2351,07-05-1992,F,Separated,US Citizen,No,White,05-06-2015,Still Working,N/A-StillEmployed,Active,Production,Webster Butler,-1,Indeed,Fully Meets,4.5,3,0,14-02-2019,0,6,33,10,Active
"Huynh, Ming",10160,0,2,0,5,5,3,0,68182,1,20,Production Technician II,MA,1742,08-06-1980,F,Divorced,US Citizen,No,White,10-01-2011,Still Working,unhappy,Voluntarily Terminated,Production,Amy Dunn,11,Google Search,Fully Meets,3.72,3,0,14-07-2010,0,18,45,14,Active
"Immediato, Walter",10289,1,1,1,5,5,2,0,83082,1,18,Production Manager,MA,2128,08-06-1980,M,Married,US Citizen,No,Asian,10-01-2011,24-09-2012 00:00,unhappy,Voluntarily Terminated,Production,Janet King,2,Indeed,Needs Improvement,2.34,2,0,14-07-2010,3,4,45,14,Terminated
"Ivey, Rose ",10139,0,0,0,1,5,3,0,51908,0,19,Production Technician I,MA,1775,08-06-1980,F,Single,US Citizen,No,White,10-01-2011,Still Working,N/A-StillEmployed,Active,Production,Brannon Miller,12,Indeed,Fully Meets,3.99,3,0,14-01-2019,0,14,45,14,Active
"Jackson, Maryellen",10227,0,0,0,1,5,3,0,61242,0,19,Production Technician I,MA,2081,11-09-1972,F,Single,US Citizen,No,Black or African American,05-11-2012,Still Working,N/A-StillEmployed,Active,Production,David Stanley,14,LinkedIn,Fully Meets,4.1,3,0,17-01-2019,0,7,53,12,Active
"Jacobi, Hannah  ",10236,0,2,0,1,5,3,0,45069,0,19,Production Technician I,MA,1778,08-06-1980,F,Divorced,US Citizen,No,White,10-01-2011,Still Working,N/A-StillEmployed,Active,Production,Kissy Sullivan,20,Employee Referral,Fully Meets,4.3,5,0,22-02-2019,0,7,45,14,Active
"Jeannite, Tayana",10009,0,2,0,1,5,4,0,60724,0,20,Production Technician II,MA,1821,06-11-1986,F,Divorced,US Citizen,No,American Indian or Alaska Native,05-07-2011,Still Working,N/A-StillEmployed,Active,Production,Ketsia Liebig,19,LinkedIn,Exceeds,4.6,4,0,25-02-2019,0,11,38,14,Active
"Jhaveri, Sneha  ",10060,0,3,0,1,5,3,0,60436,0,19,Production Technician I,MA,2109,08-06-1980,F,Separated,US Citizen,No,White,06-01-2014,Still Working,N/A-StillEmployed,Active,Production,Kelley Spirea,18,LinkedIn,Fully Meets,5,5,0,21-01-2019,0,9,45,11,Active
"Johnson, George",10034,1,1,1,5,5,4,0,46837,1,19,Production Technician I,MA,2445,08-06-1980,M,Married,US Citizen,No,White,07-11-2011,29-04-2018 00:00,more money,Voluntarily Terminated,Production,Michael Albert,22,CareerBuilder,Exceeds,4.7,4,0,14-02-2018,0,9,45,13,Terminated
"Johnson, Noelle ",10156,1,1,0,3,3,3,0,105700,0,8,Database Administrator,MA,2301,07-11-1986,F,Married,US Citizen,No,Asian,05-01-2015,Still Working,N/A-StillEmployed,Active,It/Is,Simon Roup,4,Indeed,Fully Meets,3.75,3,5,14-07-2010,0,2,38,10,Active
"Johnston, Yen",10036,0,0,0,1,5,4,0,63322,0,20,Production Technician II,MA,2128,08-09-1969,F,Single,US Citizen,No,White,07-07-2014,Still Working,N/A-StillEmployed,Active,Production,Brannon Miller,12,LinkedIn,Exceeds,4.3,3,0,14-07-2010,0,1,56,11,Active
"Jung, Judy  ",10138,1,1,0,5,5,3,0,61154,1,19,Production Technician I,MA,2446,08-06-1980,F,Married,US Citizen,No,Black or African American,10-01-2011,Still Working,unhappy,Voluntarily Terminated,Production,Elijiah Gray,16,CareerBuilder,Fully Meets,4,4,0,14-07-2010,0,4,45,14,Active
"Kampew, Donysha",10244,0,0,0,5,6,3,0,68999,1,21,Sales Manager,PA,19444,11-11-1989,F,Single,US Citizen,No,White,07-11-2011,24-04-2014 00:00,maternity leave - did not return,Voluntarily Terminated,Sales,Debra Houlihan,15,Google Search,Fully Meets,4.5,5,0,30-03-2013,0,2,35,13,Terminated
"Keatts, Kramer ",10192,0,0,1,1,5,3,0,50482,0,19,Production Technician I,MA,1887,08-06-1980,M,Single,US Citizen,No,White,10-01-2011,Still Working,N/A-StillEmployed,Active,Production,Michael Albert,22,Indeed,Fully Meets,3.07,4,0,23-01-2019,0,10,45,14,Active
"Khemmich, Bartholemew",10231,0,0,1,1,6,3,0,65310,0,3,Area Sales Manager,CO,80820,08-06-1980,M,Single,US Citizen,No,White,10-01-2011,Still Working,N/A-StillEmployed,Active,Sales,Lynn Daneault,21,Indeed,Fully Meets,4.3,5,0,22-01-2019,0,13,45,14,Active
"King, Janet",10089,1,1,0,1,2,3,0,250000,0,16,President & CEO,MA,1902,08-06-1980,F,Married,US Citizen,Yes,White,02-07-2012,Still Working,N/A-StillEmployed,Active,Executive Office,Board of Directors,9,Indeed,Fully Meets,4.83,3,0,17-01-2019,0,10,45,13,Active
"Kinsella, Kathleen  ",10166,1,1,0,5,5,3,0,54005,1,19,Production Technician I,MA,2170,08-12-1973,F,Married,US Citizen,No,White,10-01-2011,Still Working,more money,Voluntarily Terminated,Production,Webster Butler,39,Google Search,Fully Meets,3.6,5,0,14-07-2010,0,16,51,14,Active
"Kirill, Alexandra  ",10170,1,1,0,5,5,3,0,45433,1,19,Production Technician I,MA,2127,08-10-1970,F,Married,US Citizen,No,White,10-01-2011,Still Working,more money,Voluntarily Terminated,Production,Amy Dunn,11,Google Search,Fully Meets,3.49,4,0,30-01-2013,0,6,55,14,Active
"Knapp, Bradley  J",10208,0,0,1,1,5,3,0,46654,0,19,Production Technician I,MA,1721,10-11-1977,M,Single,US Citizen,No,Black or African American,10-01-2011,Still Working,N/A-StillEmployed,Active,Production,Ketsia Liebig,19,LinkedIn,Fully Meets,3.1,3,0,14-07-2010,0,3,47,14,Active
"Kretschmer, John",10176,1,1,1,1,5,3,0,63973,0,19,Production Technician I,MA,1801,02-02-1980,M,Married,US Citizen,No,Asian,10-01-2011,Still Working,N/A-StillEmployed,Active,Production,Brannon Miller,12,Indeed,Fully Meets,3.38,3,0,21-01-2019,0,17,45,14,Active
"Kreuger, Freddy",10165,0,0,1,1,6,3,1,71339,0,3,Area Sales Manager,NY,10171,08-06-1980,M,Single,US Citizen,Yes,Black or African American,07-03-2011,Still Working,N/A-StillEmployed,Active,Sales,John Smith,17,Diversity Job Fair,Fully Meets,3.65,5,0,17-01-2019,0,20,45,14,Active
"Lajiri,  Jyoti",10113,1,1,1,3,3,3,0,93206,0,28,Sr. Network Engineer,MA,2169,08-06-1980,M,Married,US Citizen,No,White,10-11-2014,Still Working,N/A-StillEmployed,Active,It/Is,Peter Monroe,7,Employee Referral,Fully Meets,4.46,5,6,14-07-2010,0,7,45,10,Active
"Landa, Hans",10092,1,1,1,4,5,3,0,82758,1,18,Production Manager,MA,1890,01-07-1972,M,Married,US Citizen,No,White,10-01-2011,Still Working,attendance,Terminated For Cause,Production,Janet King,2,Employee Referral,Fully Meets,4.78,4,0,15-02-2015,0,9,53,14,Active
"Langford, Lindsey",10106,0,2,0,5,5,3,0,66074,1,20,Production Technician II,MA,2090,08-06-1980,F,Divorced,US Citizen,No,Asian,07-01-2013,31-03-2014 00:00,Another position,Voluntarily Terminated,Production,David Stanley,14,Indeed,Fully Meets,4.52,3,0,20-02-2014,0,20,45,12,Terminated
"Langton, Enrico",10052,1,1,1,1,5,3,0,46120,0,19,Production Technician I,MA,2048,09-12-1986,M,Married,US Citizen,No,White,09-07-2012,Still Working,N/A-StillEmployed,Active,Production,David Stanley,14,LinkedIn,Fully Meets,5,5,0,14-07-2010,0,13,38,13,Active
"LaRotonda, William  ",10038,0,2,1,1,1,3,0,64520,0,1,Accountant I,MA,1460,08-06-1980,M,Divorced,US Citizen,No,Black or African American,06-01-2014,Still Working,N/A-StillEmployed,Active,Admin Offices,Brandon R. LeBlanc,1,Website,Fully Meets,5,4,4,17-01-2019,0,3,45,11,Active
"Latif, Mohammed",10249,1,1,1,5,5,3,0,61962,1,20,Production Technician II,MA,2126,09-05-1984,M,Married,US Citizen,No,White,02-04-2012,15-04-2013 00:00,more money,Voluntarily Terminated,Production,Kissy Sullivan,20,Google Search,Fully Meets,4.9,3,0,20-02-2013,0,20,41,13,Terminated
"Le, Binh",10232,0,0,0,1,3,3,0,81584,0,22,Senior BI Developer,MA,1886,08-06-1980,F,Single,US Citizen,No,Asian,02-10-2016,Still Working,N/A-StillEmployed,Active,It/Is,Brian Champaigne,13,Indeed,Fully Meets,4.1,5,7,14-07-2010,0,2,45,9,Active
"Leach, Dallas",10087,0,0,0,5,5,3,0,63676,1,19,Production Technician I,MA,1810,08-06-1980,F,Single,US Citizen,No,Asian,10-01-2011,19-08-2018 00:00,return to school,Voluntarily Terminated,Production,Kissy Sullivan,20,CareerBuilder,Fully Meets,4.88,3,0,14-07-2010,0,17,45,14,Terminated
"LeBlanc, Brandon  R",10134,1,1,1,1,1,3,0,93046,0,23,Shared Services Manager,MA,1460,10-06-1984,M,Married,US Citizen,No,White,05-01-2016,Still Working,N/A-StillEmployed,Active,Admin Offices,Janet King,2,CareerBuilder,Fully Meets,4.1,4,0,28-01-2019,0,20,41,9,Active
"Lecter, Hannibal",10251,1,1,1,1,5,3,0,64738,0,19,Production Technician I,MA,1776,02-09-1982,M,Married,US Citizen,No,Asian,10-01-2011,Still Working,N/A-StillEmployed,Active,Production,Elijiah Gray,16,Google Search,Fully Meets,4.1,3,0,22-02-2019,0,10,43,14,Active
"Leruth, Giovanni",10103,0,3,1,1,6,3,0,70468,0,3,Area Sales Manager,UT,84111,08-06-1980,M,Separated,US Citizen,No,Black or African American,10-01-2011,Still Working,N/A-StillEmployed,Active,Sales,John Smith,17,Website,Fully Meets,4.53,3,0,29-01-2019,0,16,45,14,Active
"Liebig, Ketsia",10017,1,1,0,1,5,4,0,77915,0,18,Production Manager,MA,2110,08-06-1980,F,Married,US Citizen,No,White,10-01-2011,Still Working,N/A-StillEmployed,Active,Production,Janet King,2,Website,Exceeds,4.1,3,0,21-01-2019,0,11,45,14,Active
"Linares, Marilyn ",10186,1,1,0,5,5,3,0,52624,1,19,Production Technician I,MA,1886,08-06-1980,F,Married,US Citizen,No,White,05-07-2011,26-09-2018 00:00,unhappy,Voluntarily Terminated,Production,Michael Albert,22,Indeed,Fully Meets,3.18,4,0,14-07-2010,0,16,45,14,Terminated
"Linden, Mathew",10137,1,1,1,3,5,3,0,63450,0,20,Production Technician II,MA,1770,08-06-1980,M,Married,US Citizen,No,White,08-07-2013,Still Working,N/A-StillEmployed,Active,Production,Kelley Spirea,18,LinkedIn,Fully Meets,4,3,0,18-02-2019,0,7,45,12,Active
"Lindsay, Leonara ",10008,0,0,0,1,3,4,1,51777,0,14,IT Support,CT,6070,05-10-1988,F,Single,US Citizen,Yes,Black or African American,10-01-2011,Still Working,N/A-StillEmployed,Active,It/Is,Eric Dougall,6,Diversity Job Fair,Exceeds,4.64,4,5,25-01-2019,0,14,37,14,Active
"Lundy, Susan",10096,0,4,0,5,5,3,0,67237,1,20,Production Technician II,MA,2122,08-06-1980,F,Widowed,US Citizen,No,White,08-07-2013,15-09-2016 00:00,more money,Voluntarily Terminated,Production,Michael Albert,22,LinkedIn,Fully Meets,4.65,4,0,14-07-2010,0,15,45,12,Terminated
"Lunquist, Lisa",10035,0,0,0,1,5,4,0,73330,0,20,Production Technician II,MA,2324,08-06-1980,F,Single,US Citizen,No,Black or African American,10-01-2011,Still Working,N/A-StillEmployed,Active,Production,Elijiah Gray,16,Indeed,Exceeds,4.2,4,0,14-07-2010,0,19,45,14,Active
"Lydon, Allison",10057,1,1,0,3,5,3,0,52057,0,19,Production Technician I,MA,2122,08-06-1980,F,Married,US Citizen,No,Black or African American,10-01-2011,Still Working,N/A-StillEmployed,Active,Production,Elijiah Gray,16,Website,Fully Meets,5,3,0,23-01-2019,0,6,45,14,Active
"Lynch, Lindsay",10004,0,0,0,5,5,4,1,47434,1,19,Production Technician I,MA,1844,08-06-1980,F,Single,US Citizen,Yes,Black or African American,07-11-2011,14-11-2015 00:00,Another position,Voluntarily Terminated,Production,Webster Butler,39,Diversity Job Fair,Exceeds,5,4,0,14-07-2010,0,17,45,13,Terminated
"MacLennan, Samuel",10191,0,4,1,5,5,3,0,52788,1,19,Production Technician I,MA,1938,09-11-1972,M,Widowed,US Citizen,No,White,10-01-2011,26-09-2017 00:00,hours,Voluntarily Terminated,Production,Amy Dunn,11,Indeed,Fully Meets,3.08,4,0,14-07-2010,0,18,52,14,Terminated
"Mahoney, Lauren  ",10219,0,0,0,1,5,3,0,45395,0,19,Production Technician I,MA,2189,07-07-1986,F,Single,US Citizen,No,White,06-01-2014,Still Working,N/A-StillEmployed,Active,Production,Ketsia Liebig,19,LinkedIn,Fully Meets,4.6,4,0,26-02-2019,0,14,39,11,Active
"Manchester, Robyn",10077,1,1,0,2,5,3,0,62385,0,20,Production Technician II,MA,2324,08-06-1980,F,Married,US Citizen,No,White,11-05-2016,Still Working,N/A-StillEmployed,Active,Production,Webster Butler,-1,LinkedIn,Fully Meets,5,3,0,21-01-2019,0,4,45,9,Active
"Mancuso, Karen",10073,1,1,0,5,5,3,0,68407,1,20,Production Technician II,MA,2176,10-12-1986,F,Married,US Citizen,No,Two or more races,05-07-2011,19-08-2012 00:00,Another position,Voluntarily Terminated,Production,Amy Dunn,11,LinkedIn,Fully Meets,5,4,0,14-07-2010,0,16,38,14,Terminated
"Mangal, Debbie",10279,1,1,0,1,5,3,0,61349,0,19,Production Technician I,MA,2451,07-11-1974,F,Married,US Citizen,No,White,11-11-2013,Still Working,N/A-StillEmployed,Active,Production,Brannon Miller,12,LinkedIn,Fully Meets,4.1,3,0,22-01-2019,0,11,50,11,Active
"Martin, Sandra",10110,0,0,0,1,4,3,0,105688,0,24,Software Engineer,MA,2135,07-11-1987,F,Single,US Citizen,No,Asian,11-11-2013,Still Working,N/A-StillEmployed,Active,Software Engineering,Alex Sweetwater,10,Google Search,Fully Meets,4.5,5,4,14-01-2019,0,14,37,11,Active
"Maurice, Shana",10053,1,1,0,1,5,3,0,54132,0,19,Production Technician I,MA,2330,08-06-1980,F,Married,US Citizen,No,White,10-01-2011,Still Working,N/A-StillEmployed,Active,Production,David Stanley,14,Indeed,Fully Meets,5,4,0,14-07-2010,0,8,45,14,Active
"Carthy, B'rigit",10076,0,0,0,1,5,3,0,55315,0,20,Production Technician II,MA,2149,08-06-1980,F,Single,US Citizen,No,Black or African American,10-01-2011,Still Working,N/A-StillEmployed,Active,Production,Ketsia Liebig,19,LinkedIn,Fully Meets,5,5,0,14-07-2010,0,16,45,14,Active
"Mckenna, Sandy",10145,1,1,0,1,5,3,0,62810,0,19,Production Technician I,MA,2184,07-01-1987,F,Married,US Citizen,No,Black or African American,07-01-2013,Still Working,N/A-StillEmployed,Active,Production,Kissy Sullivan,20,CareerBuilder,Fully Meets,3.93,3,0,30-01-2019,0,20,38,12,Active
"McKinzie, Jac",10202,1,1,1,2,6,3,0,63291,0,3,Area Sales Manager,TX,78789,01-07-1984,M,Married,US Citizen,No,Two or more races,06-07-2016,Still Working,N/A-StillEmployed,Active,Sales,Lynn Daneault,21,Website,Fully Meets,3.4,4,0,29-01-2019,0,7,41,9,Active
"Meads, Elizabeth",10128,0,0,0,5,5,3,1,62659,1,19,Production Technician I,MA,1760,08-06-1980,F,Single,US Citizen,No,Black or African American,02-04-2012,Still Working,Another position,Voluntarily Terminated,Production,Kelley Spirea,18,Diversity Job Fair,Fully Meets,4.18,4,0,14-07-2010,0,17,45,13,Active
"Medeiros, Jennifer",10068,0,0,0,1,5,3,0,55688,0,19,Production Technician I,MA,2346,08-06-1980,F,Single,US Citizen,No,White,10-01-2011,Still Working,N/A-StillEmployed,Active,Production,Michael Albert,22,CareerBuilder,Fully Meets,5,4,0,21-01-2019,0,10,45,14,Active
"Miller, Brannon",10116,0,0,1,1,5,3,0,83667,0,18,Production Manager,MA,2045,10-08-1981,M,Single,US Citizen,yes,Hispanic,10-01-2011,Still Working,N/A-StillEmployed,Active,Production,Janet King,2,Indeed,Fully Meets,4.37,3,0,14-01-2019,0,2,44,14,Active
"Miller, Ned",10298,0,0,1,5,5,1,0,55800,1,20,Production Technician II,MA,2472,08-06-1980,M,Single,US Citizen,No,White,10-01-2011,Still Working,unhappy,Voluntarily Terminated,Production,Brannon Miller,12,LinkedIn,Pip,3,2,0,14-01-2013,6,6,45,14,Active
"Monkfish, Erasumus",10213,1,1,1,1,5,3,0,58207,0,20,Production Technician II,MA,1450,08-06-1980,M,Married,US Citizen,No,White,07-11-2011,Still Working,N/A-StillEmployed,Active,Production,David Stanley,14,LinkedIn,Fully Meets,3.7,3,0,14-07-2010,0,14,45,13,Active
"Monroe, Peter",10288,1,1,1,1,3,2,1,157000,0,13,IT Manager - Infra,MA,2134,05-10-1986,M,Married,Eligible NonCitizen,Yes,Black or African American,10-01-2011,Still Working,N/A-StillEmployed,Active,It/Is,Jennifer Zamora,5,Diversity Job Fair,Needs Improvement,2.39,3,6,22-02-2019,4,13,39,14,Active
"Monterro, Luisa",10025,0,0,0,1,5,4,0,72460,0,20,Production Technician II,MA,2126,08-06-1980,F,Single,US Citizen,No,Black or African American,10-01-2011,Still Working,N/A-StillEmployed,Active,Production,Kissy Sullivan,20,Indeed,Exceeds,4.7,3,0,14-01-2019,0,1,45,14,Active
"Moran, Patrick",10223,0,0,1,3,5,3,1,72106,0,20,Production Technician II,MA,2127,03-12-1976,M,Single,US Citizen,No,Black or African American,09-01-2012,Still Working,N/A-StillEmployed,Active,Production,Kelley Spirea,18,Diversity Job Fair,Fully Meets,4.1,4,0,31-01-2019,0,12,48,13,Active
"Morway, Tanya",10151,1,1,0,1,3,3,0,52599,0,15,Network Engineer,MA,2048,04-04-1979,F,Married,US Citizen,No,White,10-01-2011,Still Working,N/A-StillEmployed,Active,It/Is,Peter Monroe,7,CareerBuilder,Fully Meets,3.81,3,6,14-07-2010,0,6,46,14,Active
"Motlagh,  Dawn",10254,0,2,0,1,5,3,0,63430,0,19,Production Technician I,MA,2453,07-07-1984,F,Divorced,US Citizen,No,White,01-04-2013,Still Working,N/A-StillEmployed,Active,Production,Elijiah Gray,16,LinkedIn,Fully Meets,4.4,4,0,17-01-2019,0,18,41,12,Active
"Moumanil, Maliki ",10120,0,3,1,1,5,3,0,74417,0,20,Production Technician II,MA,1460,01-12-1974,M,Separated,US Citizen,No,Black or African American,10-01-2011,Still Working,N/A-StillEmployed,Active,Production,Michael Albert,22,LinkedIn,Fully Meets,4.29,5,0,28-01-2019,0,11,50,14,Active
"Myers, Michael",10216,0,0,1,1,5,3,0,57575,0,19,Production Technician I,MA,1550,08-06-1980,M,Single,US Citizen,No,Asian,08-07-2013,Still Working,N/A-StillEmployed,Active,Production,Kissy Sullivan,20,LinkedIn,Fully Meets,4.1,4,0,22-01-2019,0,13,45,12,Active
"Navathe, Kurt",10079,0,0,1,1,3,3,0,87921,0,22,Senior BI Developer,MA,2056,08-06-1980,M,Single,US Citizen,No,Asian,10-02-2017,Still Working,N/A-StillEmployed,Active,It/Is,Brian Champaigne,13,Indeed,Fully Meets,5,3,6,25-02-2019,0,17,45,8,Active
"Ndzi, Colombui",10215,0,0,1,5,5,3,1,50470,1,19,Production Technician I,MA,2110,02-05-1989,M,Single,US Citizen,No,Black or African American,10-01-2011,Still Working,return to school,Voluntarily Terminated,Production,Webster Butler,39,Diversity Job Fair,Fully Meets,4.3,3,0,14-07-2010,0,19,36,14,Active
"Ndzi, Horia",10185,1,1,1,5,5,3,0,46664,1,19,Production Technician I,MA,2421,08-06-1980,M,Married,US Citizen,No,White,01-04-2013,25-05-2016 00:00,more money,Voluntarily Terminated,Production,Amy Dunn,11,Employee Referral,Fully Meets,3.18,3,0,14-07-2010,0,10,45,12,Terminated
"Newman, Richard ",10063,1,1,1,3,5,3,0,48495,0,19,Production Technician I,MA,2136,08-04-1977,M,Married,US Citizen,No,White,12-05-2014,Still Working,N/A-StillEmployed,Active,Production,Ketsia Liebig,19,LinkedIn,Fully Meets,5,5,0,18-02-2019,0,11,48,11,Active
"Ngodup, Shari ",10037,0,3,0,1,5,4,1,52984,0,19,Production Technician I,MA,1810,03-06-1967,F,Separated,US Citizen,No,Black or African American,01-04-2013,Still Working,N/A-StillEmployed,Active,Production,Brannon Miller,12,Diversity Job Fair,Exceeds,4,3,0,13-02-2019,0,12,58,12,Active
"Nguyen, Dheepa",10042,0,0,0,1,6,3,0,63695,0,3,Area Sales Manager,GA,30428,08-06-1980,F,Single,US Citizen,No,Two or more races,08-07-2013,Still Working,N/A-StillEmployed,Active,Sales,Lynn Daneault,21,Indeed,Fully Meets,5,5,0,25-01-2019,0,2,45,12,Active
"Nguyen, Lei-Ming",10206,0,0,0,1,5,3,0,62061,0,19,Production Technician I,MA,2132,07-07-1984,F,Single,US Citizen,No,White,08-07-2013,Still Working,N/A-StillEmployed,Active,Production,David Stanley,14,LinkedIn,Fully Meets,3.6,5,0,14-07-2010,0,4,41,12,Active
"Nowlan, Kristie",10104,0,0,0,1,5,3,0,66738,0,20,Production Technician II,MA,1040,08-06-1980,F,Single,US Citizen,No,White,10-11-2014,Still Working,N/A-StillEmployed,Active,Production,Elijiah Gray,16,Indeed,Fully Meets,4.53,5,0,16-01-2019,0,5,45,10,Active
"O'hare, Lynn",10303,0,0,0,4,5,1,0,52674,1,19,Production Technician I,MA,2152,08-06-1980,F,Single,US Citizen,No,Two or more races,10-01-2011,Still Working,performance,Terminated For Cause,Production,Kissy Sullivan,20,LinkedIn,Pip,2.33,2,0,14-07-2010,6,3,45,14,Active
"Oliver, Brooke ",10078,1,1,0,5,5,3,0,71966,1,20,Production Technician II,MA,2492,11-02-1952,F,Married,US Citizen,No,Asian,10-01-2011,19-08-2013 00:00,unhappy,Voluntarily Terminated,Production,Webster Butler,39,LinkedIn,Fully Meets,5,3,0,14-07-2010,0,17,73,14,Terminated
"Onque, Jasmine",10121,0,0,0,1,6,3,0,63051,0,3,Area Sales Manager,FL,33174,11-05-1990,F,Single,US Citizen,Yes,White,10-01-2011,Still Working,N/A-StillEmployed,Active,Sales,Lynn Daneault,21,Indeed,Fully Meets,4.28,3,0,25-01-2019,0,1,35,14,Active
"Osturnka, Adeel",10021,1,1,1,1,5,4,0,47414,0,19,Production Technician I,MA,2478,11-12-1976,M,Married,US Citizen,No,White,10-01-2011,Still Working,N/A-StillEmployed,Active,Production,Kelley Spirea,18,LinkedIn,Exceeds,5,3,0,14-07-2010,0,13,48,14,Active
"Owad, Clinton",10281,0,0,1,1,5,2,0,53060,0,19,Production Technician I,MA,1760,08-06-1980,M,Single,US Citizen,No,Black or African American,10-01-2011,Still Working,N/A-StillEmployed,Active,Production,Michael Albert,22,LinkedIn,Needs Improvement,4.25,3,0,14-07-2010,4,6,45,14,Active
"Ozark, Travis",10041,0,0,1,1,6,3,0,68829,0,3,Area Sales Manager,NC,27229,08-06-1980,M,Single,US Citizen,No,White,05-01-2015,Still Working,N/A-StillEmployed,Active,Sales,John Smith,17,Website,Fully Meets,5,5,0,14-01-2019,0,18,45,10,Active
"Panjwani, Nina",10148,1,1,0,5,5,3,0,63515,1,19,Production Technician I,MA,2351,01-05-1979,F,Married,US Citizen,No,White,07-02-2011,Still Working,Another position,Voluntarily Terminated,Production,Elijiah Gray,16,Google Search,Fully Meets,3.89,4,0,14-07-2010,0,7,46,14,Active
"Patronick, Lucas",10005,0,0,1,5,4,4,1,108987,1,24,Software Engineer,MA,1844,08-06-1980,M,Single,US Citizen,No,Black or African American,07-11-2011,Still Working,Another position,Voluntarily Terminated,Software Engineering,Alex Sweetwater,10,Diversity Job Fair,Exceeds,5,5,3,16-08-2015,0,13,45,13,Active
"Pearson, Randall",10259,1,1,1,5,3,3,0,93093,1,9,Data Analyst,MA,2747,05-09-1984,M,Married,US Citizen,No,White,01-12-2014,Still Working,performance,Voluntarily Terminated,It/Is,Simon Roup,4,Employee Referral,Fully Meets,4.7,4,5,16-01-2016,0,19,41,10,Active
"Smith, Martin",10286,0,0,1,5,5,2,0,53564,1,19,Production Technician I,MA,2458,08-06-1980,M,Single,US Citizen,No,Black or African American,10-01-2011,28-12-2017 00:00,career change,Voluntarily Terminated,Production,Webster Butler,39,Google Search,Needs Improvement,3.54,5,0,14-07-2010,4,15,45,14,Terminated
"Pelletier, Ermine",10297,1,1,0,5,5,2,0,60270,1,20,Production Technician II,MA,2472,08-06-1980,F,Married,US Citizen,No,Asian,05-07-2011,15-09-2015 00:00,unhappy,Voluntarily Terminated,Production,Amy Dunn,11,CareerBuilder,Needs Improvement,2.4,5,0,14-07-2010,5,2,45,14,Terminated
"Perry, Shakira",10171,0,0,0,5,5,3,0,45998,1,19,Production Technician I,MA,2176,08-06-1980,F,Single,US Citizen,No,White,10-01-2011,25-10-2015 00:00,medical issues,Voluntarily Terminated,Production,Amy Dunn,11,LinkedIn,Fully Meets,3.45,4,0,13-05-2014,0,5,45,14,Terminated
"Peters, Lauren",10032,1,1,0,5,5,4,0,57954,1,20,Production Technician II,MA,1886,08-06-1980,F,Married,US Citizen,No,White,10-01-2011,Still Working,more money,Voluntarily Terminated,Production,Ketsia Liebig,19,Indeed,Exceeds,4.2,5,0,14-07-2010,0,12,45,14,Active
"Peterson, Ebonee  ",10130,1,1,0,5,5,3,0,74669,1,18,Production Manager,MA,2030,09-05-1977,F,Married,US Citizen,No,White,10-01-2011,18-05-2016 00:00,Another position,Voluntarily Terminated,Production,Janet King,2,Indeed,Fully Meets,4.16,5,0,14-07-2010,0,6,48,14,Terminated
"Petingill, Shana  ",10217,1,1,0,1,5,3,0,74226,0,20,Production Technician II,MA,2050,10-03-1979,F,Married,Eligible NonCitizen,No,Asian,02-04-2012,Still Working,N/A-StillEmployed,Active,Production,Brannon Miller,12,LinkedIn,Fully Meets,4.3,3,0,14-01-2019,0,14,46,13,Active
"Petrowsky, Thelma",10016,1,1,0,1,3,4,0,93554,0,9,Data Analyst,MA,1886,08-06-1980,F,Married,US Citizen,No,Black or African American,10-11-2014,Still Working,N/A-StillEmployed,Active,It/Is,Simon Roup,4,Employee Referral,Exceeds,4.6,5,7,14-07-2010,0,16,45,10,Active
"Pham, Hong",10050,1,1,1,5,5,3,0,64724,1,19,Production Technician I,MA,2451,06-03-1988,M,Married,US Citizen,No,Asian,05-07-2011,30-11-2012 00:00,more money,Voluntarily Terminated,Production,Brannon Miller,12,Google Search,Fully Meets,5,3,0,20-02-2012,0,13,37,14,Terminated
"Pitt, Brad ",10164,0,0,1,1,5,3,0,47001,0,19,Production Technician I,MA,2451,08-06-1980,M,Single,US Citizen,No,White,05-11-2007,Still Working,N/A-StillEmployed,Active,Production,David Stanley,14,Google Search,Fully Meets,3.66,3,0,25-02-2019,0,15,45,17,Active
"Potts, Xana",10124,1,1,0,1,6,3,0,61844,0,3,Area Sales Manager,KY,40220,08-06-1980,F,Married,US Citizen,No,Black or African American,09-01-2012,Still Working,N/A-StillEmployed,Active,Sales,Lynn Daneault,21,Website,Fully Meets,4.2,5,0,14-07-2010,0,9,45,13,Active
"Power, Morissa",10187,0,2,0,5,5,3,0,46799,1,19,Production Technician I,MA,1742,08-06-1980,F,Divorced,Eligible NonCitizen,No,Asian,10-01-2011,Still Working,Another position,Voluntarily Terminated,Production,Kissy Sullivan,20,Google Search,Fully Meets,3.17,4,0,14-07-2010,0,14,45,14,Active
"Punjabhi, Louis  ",10225,0,0,1,1,5,3,0,59472,0,19,Production Technician I,MA,2109,08-06-1980,M,Single,US Citizen,No,White,06-01-2014,Still Working,N/A-StillEmployed,Active,Production,Kelley Spirea,18,Employee Referral,Fully Meets,4.8,3,0,14-07-2010,0,14,45,11,Active
"Purinton, Janine",10262,0,2,0,5,5,3,0,46430,1,19,Production Technician I,MA,2474,08-06-1980,F,Divorced,US Citizen,No,White,10-01-2011,18-06-2013 00:00,unhappy,Voluntarily Terminated,Production,Kissy Sullivan,20,Indeed,Fully Meets,4.5,5,0,14-07-2010,0,16,45,14,Terminated
"Quinn, Sean",10131,1,1,1,5,1,3,1,83363,1,23,Software Engineer,MA,2045,06-11-1984,M,Married,Eligible NonCitizen,No,Black or African American,10-01-2011,15-08-2015 00:00,career change,Voluntarily Terminated,Software Engineering,Janet King,2,Diversity Job Fair,Fully Meets,4.15,4,0,19-04-2014,0,4,40,14,Terminated
"Rachael, Maggie",10239,1,1,0,1,3,3,0,95920,0,4,BI Developer,MA,2110,12-05-1980,F,Married,US Citizen,No,Black or African American,02-10-2016,Still Working,N/A-StillEmployed,Active,It/Is,Brian Champaigne,13,Indeed,Fully Meets,4.4,4,6,14-07-2010,0,10,45,9,Active
"Rarrick, Quinn",10152,0,2,1,5,5,3,0,61729,1,19,Production Technician I,MA,2478,08-06-1980,M,Divorced,US Citizen,No,White,10-01-2011,Still Working,more money,Voluntarily Terminated,Production,Michael Albert,22,Indeed,Fully Meets,3.8,5,0,14-07-2010,0,19,45,14,Active
"Ren, Kylo",10140,1,1,1,1,6,3,0,61809,0,3,Area Sales Manager,ID,83706,12-10-1954,M,Married,US Citizen,No,White,12-05-2014,Still Working,N/A-StillEmployed,Active,Sales,John Smith,17,CareerBuilder,Fully Meets,3.98,3,0,28-01-2019,0,4,71,11,Active
"Rhoads, Thomas",10058,0,2,1,5,5,3,0,45115,1,19,Production Technician I,MA,2176,08-06-1980,M,Divorced,US Citizen,Yes,White,10-01-2011,15-01-2016 00:00,retiring,Voluntarily Terminated,Production,Elijiah Gray,16,LinkedIn,Fully Meets,5,4,0,30-03-2015,0,11,45,14,Terminated
"Rivera, Haley  ",10011,1,1,0,1,5,4,0,46738,0,19,Production Technician I,MA,2171,12-01-1973,F,Married,US Citizen,No,Asian,10-01-2011,Still Working,N/A-StillEmployed,Active,Production,Webster Butler,-1,Google Search,Exceeds,4.36,5,0,14-07-2010,0,16,52,14,Active
"Roberson, May",10230,0,2,0,5,5,3,0,64971,1,20,Production Technician II,MA,1902,05-09-1981,F,Divorced,Eligible NonCitizen,No,Black or African American,10-01-2011,22-10-2011 00:00,return to school,Voluntarily Terminated,Production,David Stanley,14,Google Search,Fully Meets,4.5,4,0,22-10-2011,0,10,44,14,Terminated
"Robertson, Peter",10224,1,1,1,5,5,3,0,55578,1,20,Production Technician II,MA,2138,03-07-1972,M,Married,US Citizen,No,White,05-07-2011,Still Working,Another position,Voluntarily Terminated,Production,Kissy Sullivan,20,Indeed,Fully Meets,4.2,5,0,14-07-2010,0,13,53,14,Active
"Robinson, Alain  ",10047,1,1,1,5,5,3,0,50428,1,19,Production Technician I,MA,1420,07-01-1974,M,Married,US Citizen,No,Black or African American,10-01-2011,26-01-2016 00:00,attendance,Voluntarily Terminated,Production,Amy Dunn,11,Indeed,Fully Meets,5,3,0,14-07-2010,0,11,51,14,Terminated
"Robinson, Cherly",10285,1,1,0,4,5,2,0,61422,1,19,Production Technician I,MA,1460,07-01-1985,F,Married,US Citizen,No,White,10-01-2011,17-05-2016 00:00,attendance,Terminated For Cause,Production,Ketsia Liebig,19,Indeed,Needs Improvement,3.6,3,0,14-07-2010,4,16,40,14,Terminated
"Robinson, Elias",10020,0,4,1,1,5,4,0,63353,0,19,Production Technician I,MA,1730,08-06-1980,M,Widowed,US Citizen,No,White,08-07-2013,Still Working,N/A-StillEmployed,Active,Production,Brannon Miller,12,Employee Referral,Exceeds,3.6,5,0,14-07-2010,0,4,45,12,Active
"Roby, Lori ",10162,1,1,0,1,3,3,0,89883,0,9,Data Analyst,MA,1886,11-10-1981,F,Married,US Citizen,No,White,10-01-2011,Still Working,N/A-StillEmployed,Active,It/Is,Simon Roup,4,Employee Referral,Fully Meets,3.69,5,6,14-02-2019,0,15,44,14,Active
"Roehrich, Bianca",10149,0,0,0,5,3,3,0,120000,1,29,Principal Data Architect,MA,2703,08-06-1980,F,Single,US Citizen,Yes,White,05-01-2015,Still Working,Another position,Voluntarily Terminated,It/Is,Simon Roup,4,LinkedIn,Fully Meets,3.88,3,7,13-02-2018,0,12,45,10,Active
"Roper, Katie",10086,0,0,0,1,3,3,0,150290,0,7,Data Architect,MA,2056,08-06-1980,F,Single,US Citizen,No,Black or African American,07-01-2017,Still Working,N/A-StillEmployed,Active,It/Is,Brian Champaigne,13,Indeed,Fully Meets,4.94,3,5,14-07-2010,0,17,45,8,Active
"Rose, Ashley  ",10054,0,3,0,1,5,3,0,60627,0,19,Production Technician I,MA,1886,05-12-1974,F,Separated,US Citizen,No,White,06-01-2014,Still Working,N/A-StillEmployed,Active,Production,David Stanley,14,Website,Fully Meets,5,4,0,31-01-2019,0,8,50,11,Active
"Rossetti, Bruno",10065,0,0,1,5,5,3,0,53180,1,19,Production Technician I,MA,2155,08-06-1980,M,Single,US Citizen,No,White,04-04-2011,13-08-2018 00:00,Another position,Voluntarily Terminated,Production,Kissy Sullivan,20,Google Search,Fully Meets,5,5,0,14-07-2010,0,4,45,14,Terminated
"Roup,Simon",10198,0,0,1,1,3,3,0,140920,0,13,IT Manager - DB,MA,2481,05-04-1973,M,Single,US Citizen,No,White,10-01-2011,Still Working,N/A-StillEmployed,Active,It/Is,Jennifer Zamora,5,Indeed,Fully Meets,3.6,5,7,18-02-2019,0,13,52,14,Active
"Ruiz, Ricardo",10222,0,2,1,5,3,3,1,148999,1,13,IT Manager - DB,MA,1915,04-01-1964,M,Divorced,US Citizen,No,Black or African American,09-01-2012,Still Working,hours,Voluntarily Terminated,It/Is,Jennifer Zamora,5,Diversity Job Fair,Fully Meets,4.3,4,6,14-07-2010,0,8,61,13,Active
"Saada, Adell",10126,1,1,0,1,4,3,0,86214,0,24,Software Engineer,MA,2132,08-06-1980,F,Married,US Citizen,No,White,05-11-2012,Still Working,N/A-StillEmployed,Active,Software Engineering,Alex Sweetwater,10,Indeed,Fully Meets,4.2,3,6,13-02-2019,0,2,45,12,Active
"Saar-Beckles, Melinda",10295,0,0,0,2,5,2,1,47750,0,19,Production Technician I,MA,1801,06-06-1968,F,Single,US Citizen,No,Black or African American,04-07-2016,Still Working,N/A-StillEmployed,Active,Production,Kelley Spirea,18,Diversity Job Fair,Needs Improvement,2.6,4,0,18-02-2019,5,4,57,9,Active
"Sadki, Nore  ",10260,0,0,1,5,5,3,0,46428,1,19,Production Technician I,MA,2148,08-06-1980,M,Single,US Citizen,No,White,05-01-2009,30-07-2018 00:00,relocation out of area,Voluntarily Terminated,Production,Michael Albert,22,Google Search,Fully Meets,4.6,5,0,14-07-2010,0,7,45,16,Terminated
"Sahoo, Adil",10233,1,1,1,1,5,3,0,57975,0,20,Production Technician II,MA,2062,08-06-1980,M,Married,US Citizen,No,White,10-01-2011,Still Working,N/A-StillEmployed,Active,Production,Kelley Spirea,18,CareerBuilder,Fully Meets,4.1,3,0,14-07-2010,0,13,45,14,Active
"Salter, Jason",10229,0,2,1,5,3,3,0,88527,1,9,Data Analyst ,MA,2452,08-06-1980,M,Divorced,US Citizen,No,Black or African American,05-01-2015,31-10-2015 00:00,hours,Voluntarily Terminated,It/Is,Simon Roup,4,LinkedIn,Fully Meets,4.2,3,5,20-04-2015,0,2,45,10,Terminated
"Sander, Kamrin",10169,1,1,0,1,5,3,0,56147,0,19,Production Technician I,MA,2154,10-07-1988,F,Married,US Citizen,No,Black or African American,10-01-2011,Still Working,N/A-StillEmployed,Active,Production,Elijiah Gray,16,LinkedIn,Fully Meets,3.51,3,0,18-02-2019,0,2,37,14,Active
"Sewkumar, Nori",10071,0,0,0,3,5,3,0,50923,0,19,Production Technician I,MA,2191,10-03-1975,F,Single,US Citizen,No,Asian,10-01-2011,Still Working,N/A-StillEmployed,Active,Production,Webster Butler,-1,Google Search,Fully Meets,5,5,0,14-07-2010,0,14,50,14,Active
"Shepard, Anita ",10179,1,1,0,1,3,3,0,50750,0,15,Network Engineer,MA,1773,08-06-1980,F,Married,US Citizen,No,White,10-01-2011,Still Working,N/A-StillEmployed,Active,It/Is,Peter Monroe,7,LinkedIn,Fully Meets,3.31,3,6,14-07-2010,0,7,45,14,Active
"Shields, Seffi",10091,1,1,0,1,5,3,0,52087,0,19,Production Technician I,MA,2149,08-06-1980,F,Married,US Citizen,No,White,10-01-2011,Still Working,N/A-StillEmployed,Active,Production,Amy Dunn,11,LinkedIn,Fully Meets,4.81,4,0,15-02-2019,0,15,45,14,Active
"Simard, Kramer",10178,1,1,1,1,3,3,0,87826,0,9,Data Analyst,MA,2110,08-02-1970,M,Married,US Citizen,Yes,White,05-01-2015,Still Working,N/A-StillEmployed,Active,It/Is,Simon Roup,4,Employee Referral,Fully Meets,3.32,3,7,14-01-2019,0,16,55,10,Active
"Singh, Nan ",10039,0,0,0,1,1,3,0,51920,0,2,Administrative Assistant,MA,2330,08-06-1980,F,Single,US Citizen,No,White,01-05-2015,Still Working,N/A-StillEmployed,Active,Admin Offices,Brandon R. LeBlanc,1,Website,Fully Meets,5,3,5,15-01-2019,0,2,45,10,Active
"Sloan, Constance",10095,0,0,0,5,5,3,0,63878,1,20,Production Technician II,MA,1851,08-06-1980,F,Single,US Citizen,No,White,10-01-2011,Still Working,maternity leave - did not return,Voluntarily Terminated,Production,Michael Albert,22,CareerBuilder,Fully Meets,4.68,4,0,14-07-2010,0,20,45,14,Active
"Smith, Joe",10027,0,0,1,1,5,4,0,60656,0,20,Production Technician II,MA,2045,08-06-1980,M,Single,US Citizen,No,White,10-01-2011,Still Working,N/A-StillEmployed,Active,Production,Elijiah Gray,16,Indeed,Exceeds,4.3,3,0,28-01-2019,0,4,45,14,Active
"Smith, John",10291,0,2,1,1,6,2,1,72992,0,21,Sales Manager,MA,1886,08-06-1980,M,Divorced,US Citizen,No,Black or African American,10-01-2011,Still Working,N/A-StillEmployed,Active,Sales,Debra Houlihan,15,Diversity Job Fair,Needs Improvement,2.4,4,0,16-01-2019,2,16,45,14,Active
"Smith, Leigh Ann",10153,1,1,0,5,1,3,1,55000,1,2,Administrative Assistant,MA,1844,08-06-1980,F,Married,US Citizen,No,Black or African American,10-01-2011,25-09-2013 00:00,career change,Voluntarily Terminated,Admin Offices,Brandon R. LeBlanc,1,Diversity Job Fair,Fully Meets,3.8,4,4,15-08-2013,0,17,45,14,Terminated
"Smith, Sade",10157,0,0,0,1,5,3,0,58939,0,19,Production Technician I,MA,2130,02-02-1965,F,Single,US Citizen,No,White,11-11-2013,Still Working,N/A-StillEmployed,Active,Production,Ketsia Liebig,19,Employee Referral,Fully Meets,3.73,3,0,24-01-2019,0,16,60,11,Active
"Soto, Julia ",10119,1,1,0,1,3,3,0,66593,0,14,IT Support,MA,2360,12-03-1973,F,Married,US Citizen,No,Black or African American,10-06-2011,Still Working,N/A-StillEmployed,Active,It/Is,Eric Dougall,6,LinkedIn,Fully Meets,4.3,3,5,14-07-2010,0,19,52,14,Active
"Soze, Keyser",10180,1,1,1,2,3,3,0,87565,0,28,Sr. Network Engineer,MA,1545,09-02-1983,M,Married,US Citizen,No,Asian,10-01-2011,Still Working,N/A-StillEmployed,Active,It/Is,Peter Monroe,7,LinkedIn,Fully Meets,3.27,4,5,14-01-2019,0,13,42,14,Active
"Sparks, Taylor  ",10302,1,1,0,1,5,1,0,64021,0,19,Production Technician I,MA,2093,08-06-1980,F,Married,US Citizen,No,White,10-01-2011,Still Working,N/A-StillEmployed,Active,Production,Brannon Miller,12,Indeed,Pip,2.4,2,1,25-02-2019,6,20,45,14,Active
"Spirea, Kelley",10090,1,1,0,1,5,3,0,65714,0,18,Production Manager,MA,2451,08-06-1980,F,Married,US Citizen,No,White,02-10-2012,Still Working,N/A-StillEmployed,Active,Production,Janet King,2,LinkedIn,Fully Meets,4.83,5,0,14-02-2019,0,15,45,13,Active
"Squatrito, Kristen",10030,0,2,0,5,5,4,0,62425,1,19,Production Technician I,MA,2359,08-06-1980,F,Divorced,US Citizen,No,White,10-01-2011,29-06-2015 00:00,unhappy,Voluntarily Terminated,Production,David Stanley,14,LinkedIn,Exceeds,4.1,4,0,14-07-2010,0,16,45,14,Terminated
"Stanford,Barbara  M",10278,0,2,0,1,5,3,0,47961,0,19,Production Technician I,MA,2050,08-06-1980,F,Divorced,US Citizen,No,Two or more races,10-01-2011,Still Working,N/A-StillEmployed,Active,Production,Kissy Sullivan,20,Google Search,Fully Meets,4.1,4,0,14-07-2010,0,9,45,14,Active
"Stansfield, Norman",10307,1,1,1,1,6,1,0,58273,0,3,Area Sales Manager,NV,89139,09-05-1974,M,Married,US Citizen,No,White,12-05-2014,Still Working,N/A-StillEmployed,Active,Sales,Lynn Daneault,21,Website,Pip,1.81,2,0,17-01-2019,3,5,51,11,Active
"Steans, Tyrone  ",10147,0,0,1,1,1,3,0,63003,0,1,Accountant I,MA,2703,01-09-1986,M,Single,US Citizen,No,White,10-01-2011,Still Working,N/A-StillEmployed,Active,Admin Offices,Brandon R. LeBlanc,1,Indeed,Fully Meets,3.9,5,5,18-01-2019,0,9,39,14,Active
"Stoica, Rick",10266,1,1,1,1,5,3,0,61355,0,19,Production Technician I,MA,2301,08-06-1980,M,Married,US Citizen,No,Asian,10-01-2011,Still Working,N/A-StillEmployed,Active,Production,Kelley Spirea,18,LinkedIn,Fully Meets,4.7,3,0,14-07-2010,0,4,45,14,Active
"Strong, Caitrin",10241,1,1,0,1,6,3,0,60120,0,3,Area Sales Manager,MT,59102,12-05-1989,F,Married,US Citizen,No,Black or African American,10-01-2011,Still Working,N/A-StillEmployed,Active,Sales,John Smith,17,Indeed,Fully Meets,4.1,4,0,31-01-2019,0,18,36,14,Active
"Sullivan, Kissy ",10158,1,1,0,1,5,3,0,63682,0,18,Production Manager,MA,1776,08-06-1980,F,Married,US Citizen,No,Black or African American,08-01-2009,Still Working,N/A-StillEmployed,Active,Production,Janet King,2,Indeed,Fully Meets,3.73,4,0,24-01-2019,0,12,45,16,Active
"Sullivan, Timothy",10117,1,1,1,1,5,3,0,63025,0,19,Production Technician I,MA,2747,07-10-1982,M,Married,US Citizen,Yes,White,05-01-2015,Still Working,N/A-StillEmployed,Active,Production,Michael Albert,22,Google Search,Fully Meets,4.36,5,0,24-01-2019,0,10,43,10,Active
"Sutwell, Barbara",10209,0,0,0,1,5,3,0,59238,0,19,Production Technician I,MA,2718,08-06-1980,F,Single,Eligible NonCitizen,No,Asian,10-01-2011,Still Working,N/A-StillEmployed,Active,Production,Elijiah Gray,16,Indeed,Fully Meets,3.4,5,0,31-01-2019,0,13,45,14,Active
"Szabo, Andrew",10024,0,0,1,1,4,4,0,92989,0,24,Software Engineer,MA,2140,06-05-1983,M,Single,US Citizen,No,White,07-07-2014,Still Working,N/A-StillEmployed,Active,Software Engineering,Alex Sweetwater,10,LinkedIn,Exceeds,4.5,5,5,18-02-2019,0,1,42,11,Active
"Tannen, Biff",10173,1,1,1,1,3,3,0,90100,0,4,BI Developer,MA,2134,08-06-1980,M,Married,US Citizen,No,White,10-01-2011,Still Working,N/A-StillEmployed,Active,It/Is,Brian Champaigne,13,Indeed,Fully Meets,3.4,3,6,14-07-2010,0,14,45,14,Active
"Tavares, Desiree  ",10221,1,1,0,5,5,3,1,60754,1,19,Production Technician I,MA,1801,03-04-1975,F,Married,Non-Citizen,No,Black or African American,10-01-2011,Still Working,Another position,Voluntarily Terminated,Production,Webster Butler,39,Diversity Job Fair,Fully Meets,4.5,5,0,15-02-2012,0,11,50,14,Active
"Tejeda, Lenora ",10146,1,1,0,5,5,3,0,72202,1,20,Production Technician II,MA,2129,08-06-1980,F,Married,US Citizen,No,White,10-01-2011,Still Working,Another position,Voluntarily Terminated,Production,Elijiah Gray,16,Google Search,Fully Meets,3.93,3,0,18-04-2017,0,3,45,14,Active
"Terry, Sharlene ",10161,0,0,0,1,6,3,0,58370,0,3,Area Sales Manager,OR,97756,07-05-1965,F,Single,US Citizen,No,Black or African American,10-01-2011,Still Working,N/A-StillEmployed,Active,Sales,Lynn Daneault,21,Indeed,Fully Meets,3.69,3,0,28-01-2019,0,18,60,14,Active
"Theamstern, Sophia",10141,0,0,0,5,5,3,0,48413,1,19,Production Technician I,MA,2066,09-05-1965,F,Single,US Citizen,No,White,05-07-2011,Still Working,return to school,Voluntarily Terminated,Production,Amy Dunn,11,Indeed,Fully Meets,3.98,4,0,14-07-2010,0,1,60,14,Active
"Thibaud, Kenneth",10268,0,4,1,5,5,3,0,67176,1,20,Production Technician II,MA,2472,08-06-1980,M,Widowed,US Citizen,No,White,10-01-2011,30-08-2010 00:00,military,Voluntarily Terminated,Production,Webster Butler,39,Other,Fully Meets,4.1,4,0,14-07-2010,0,15,45,14,Terminated
"Tippett, Jeanette",10123,0,2,0,1,5,3,0,56339,0,19,Production Technician I,MA,2093,05-06-1967,F,Divorced,US Citizen,No,Black or African American,10-01-2011,Still Working,N/A-StillEmployed,Active,Production,Brannon Miller,12,Indeed,Fully Meets,4.21,5,0,14-01-2019,0,4,58,14,Active
"Torrence, Jack",10013,0,3,1,1,6,4,0,64397,0,3,Area Sales Manager,ND,58782,08-06-1980,M,Separated,US Citizen,No,White,09-01-2006,Still Working,N/A-StillEmployed,Active,Sales,Lynn Daneault,21,Indeed,Exceeds,4.1,3,0,14-07-2010,0,6,45,19,Active
"Trang, Mei",10287,0,0,0,1,5,2,0,63025,0,19,Production Technician I,MA,2021,08-06-1980,F,Single,US Citizen,No,White,10-01-2011,Still Working,N/A-StillEmployed,Active,Production,David Stanley,14,LinkedIn,Needs Improvement,2.44,5,0,14-07-2010,4,18,45,14,Active
"Tredinnick, Neville ",10044,1,1,1,5,3,3,0,75281,1,15,Network Engineer,MA,1420,05-05-1988,M,Married,US Citizen,No,White,05-01-2015,Still Working,medical issues,Voluntarily Terminated,It/Is,Peter Monroe,7,CareerBuilder,Fully Meets,5,3,5,15-04-2015,0,11,37,10,Active
"True, Edward",10102,0,0,1,5,4,3,1,100416,1,24,Software Engineer,MA,2451,08-06-1980,M,Single,Non-Citizen,No,Black or African American,10-01-2011,15-04-2018 00:00,medical issues,Voluntarily Terminated,Software Engineering,Alex Sweetwater,10,Diversity Job Fair,Fully Meets,4.6,3,4,14-07-2010,0,9,45,14,Terminated
"Trzeciak, Cybil",10270,0,0,0,5,5,3,0,74813,1,20,Production Technician II,MA,1778,08-06-1980,F,Single,US Citizen,No,White,10-01-2011,Still Working,unhappy,Voluntarily Terminated,Production,Amy Dunn,11,LinkedIn,Fully Meets,4.4,3,0,14-07-2010,0,5,45,14,Active
"Turpin, Jumil",10045,1,1,1,1,3,3,0,76029,0,15,Network Engineer,MA,2343,08-06-1980,M,Married,Eligible NonCitizen,No,White,10-01-2011,Still Working,N/A-StillEmployed,Active,It/Is,Peter Monroe,7,Employee Referral,Fully Meets,5,4,7,14-01-2019,0,8,45,14,Active
"Valentin,Jackie",10205,1,1,0,1,6,3,0,57859,0,3,Area Sales Manager,AZ,85006,08-06-1980,F,Married,US Citizen,No,Two or more races,05-07-2011,Still Working,N/A-StillEmployed,Active,Sales,John Smith,17,Indeed,Fully Meets,2.81,3,0,17-01-2019,0,16,45,14,Active
"Veera, Abdellah ",10014,0,2,1,5,5,4,0,58523,1,19,Production Technician I,MA,2171,08-06-1980,M,Divorced,US Citizen,No,White,10-01-2011,Still Working,maternity leave - did not return,Voluntarily Terminated,Production,Kissy Sullivan,20,LinkedIn,Exceeds,4.5,5,0,14-07-2010,0,15,45,14,Active
"Vega, Vincent",10144,0,2,1,1,5,3,0,88976,0,17,Production Manager,MA,2169,10-10-1968,M,Divorced,US Citizen,No,White,01-08-2011,Still Working,N/A-StillEmployed,Active,Production,Janet King,2,Employee Referral,Fully Meets,3.93,3,0,27-02-2019,0,19,57,14,Active
"Villanueva, Noah",10253,0,0,1,1,6,3,0,55875,0,3,Area Sales Manager,ME,4063,11-07-1989,M,Single,US Citizen,No,Asian,05-03-2012,Still Working,N/A-StillEmployed,Active,Sales,John Smith,17,Website,Fully Meets,4.5,4,0,18-01-2019,0,11,36,13,Active
"Voldemort, Lord",10118,1,1,1,4,3,3,0,113999,1,8,Database Administrator,MA,1960,07-08-1986,M,Married,US Citizen,No,Black or African American,10-01-2011,22-02-2017 00:00,"no-call, no-show",Terminated For Cause,It/Is,Simon Roup,4,Employee Referral,Fully Meets,4.33,3,7,15-02-2017,0,9,39,14,Terminated
"Volk, Colleen",10022,1,1,0,4,5,4,0,49773,1,19,Production Technician I,MA,2747,03-06-1986,F,Married,US Citizen,No,White,10-01-2011,Still Working,gross misconduct,Terminated For Cause,Production,Kelley Spirea,18,Google Search,Exceeds,4.3,5,0,14-07-2010,0,18,39,14,Active
"Von Massenbach, Anna",10183,0,0,0,2,5,3,0,62068,0,19,Production Technician I,MA,2124,06-04-1985,F,Single,US Citizen,No,White,05-07-2015,Still Working,N/A-StillEmployed,Active,Production,Michael Albert,22,LinkedIn,Fully Meets,3.21,3,0,29-01-2019,0,7,40,10,Active
"Walker, Roger",10190,0,0,1,1,5,3,0,66541,0,20,Production Technician II,MA,2459,10-02-1976,M,Single,US Citizen,No,Black or African American,10-01-2011,Still Working,N/A-StillEmployed,Active,Production,Ketsia Liebig,19,Employee Referral,Fully Meets,3.11,5,0,14-07-2010,0,4,49,14,Active
"Wallace, Courtney  E",10274,1,1,0,5,5,3,1,80512,1,18,Production Manager,MA,2478,08-06-1980,F,Married,US Citizen,No,Black or African American,10-01-2011,Still Working,Another position,Voluntarily Terminated,Production,Janet King,2,Diversity Job Fair,Fully Meets,4.5,3,0,14-07-2010,0,5,45,14,Active
"Wallace, Theresa",10293,0,0,0,5,5,2,0,50274,1,19,Production Technician I,MA,1887,02-08-1980,F,Single,US Citizen,No,White,10-01-2011,Still Working,career change,Voluntarily Terminated,Production,Elijiah Gray,16,CareerBuilder,Needs Improvement,2.5,3,0,14-07-2010,6,13,45,14,Active
"Wang, Charlie",10172,0,0,1,1,3,3,0,84903,0,22,Senior BI Developer,MA,1887,08-07-1981,M,Single,US Citizen,No,Asian,10-01-2011,Still Working,N/A-StillEmployed,Active,It/Is,Brian Champaigne,13,Indeed,Fully Meets,3.42,4,7,14-07-2010,0,17,44,14,Active
"Warfield, Sarah",10127,0,4,0,1,3,3,0,107226,0,28,Sr. Network Engineer,MA,2453,02-05-1978,F,Widowed,US Citizen,No,Asian,10-01-2011,Still Working,N/A-StillEmployed,Active,It/Is,Peter Monroe,7,Employee Referral,Fully Meets,4.2,4,8,14-07-2010,0,7,47,14,Active
"Whittier, Scott",10072,0,0,1,5,5,3,0,58371,1,19,Production Technician I,MA,2030,08-06-1980,M,Single,US Citizen,Yes,White,10-01-2011,15-05-2014 00:00,hours,Voluntarily Terminated,Production,Webster Butler,39,LinkedIn,Fully Meets,5,5,0,15-05-2014,0,11,45,14,Terminated
"Wilber, Barry",10048,1,1,1,5,5,3,0,55140,1,19,Production Technician I,MA,2324,09-09-1965,M,Married,Eligible NonCitizen,No,White,10-01-2011,Still Working,unhappy,Voluntarily Terminated,Production,Amy Dunn,11,Website,Fully Meets,5,3,0,15-02-2015,0,7,60,14,Active
"Wilkes, Annie",10204,0,2,0,5,5,3,0,58062,1,19,Production Technician I,MA,1876,08-06-1980,F,Divorced,US Citizen,No,White,10-01-2011,14-05-2012 00:00,Another position,Voluntarily Terminated,Production,Ketsia Liebig,19,Google Search,Fully Meets,3.6,5,0,14-07-2010,0,9,45,14,Terminated
"Williams, Jacquelyn  ",10264,0,0,0,5,5,3,1,59728,1,19,Production Technician I,MA,2109,02-10-1969,F,Single,US Citizen,Yes,Black or African American,09-01-2012,27-06-2015 00:00,relocation out of area,Voluntarily Terminated,Production,Ketsia Liebig,19,Diversity Job Fair,Fully Meets,4.3,4,0,14-07-2010,0,16,56,13,Terminated
"Winthrop, Jordan  ",10033,0,0,1,5,5,4,0,70507,1,20,Production Technician II,MA,2045,07-11-1958,M,Single,US Citizen,No,White,07-01-2013,21-02-2016 00:00,retiring,Voluntarily Terminated,Production,Brannon Miller,12,LinkedIn,Exceeds,5,3,0,19-01-2016,0,7,66,12,Terminated
"Wolk, Hang  T",10174,0,0,0,1,5,3,0,60446,0,20,Production Technician II,MA,2302,08-06-1980,F,Single,US Citizen,No,White,10-01-2011,Still Working,N/A-StillEmployed,Active,Production,David Stanley,14,LinkedIn,Fully Meets,3.4,4,0,21-02-2019,0,14,45,14,Active
"Woodson, Jason",10135,0,0,1,1,5,3,0,65893,0,20,Production Technician II,MA,1810,11-05-1985,M,Single,US Citizen,No,White,07-07-2014,Still Working,N/A-StillEmployed,Active,Production,Kissy Sullivan,20,LinkedIn,Fully Meets,4.07,4,0,28-02-2019,0,13,40,11,Active
"Ybarra, Catherine ",10301,0,0,0,5,5,1,0,48513,1,19,Production Technician I,MA,2458,04-05-1982,F,Single,US Citizen,No,Asian,02-09-2008,29-09-2015 00:00,Another position,Voluntarily Terminated,Production,Brannon Miller,12,Google Search,Pip,3.2,2,0,14-07-2010,5,4,43,17,Terminated
"Zamora, Jennifer",10010,0,0,0,1,3,4,0,220450,0,6,CIO,MA,2067,08-06-1980,F,Single,US Citizen,No,White,10-04-2010,Still Working,N/A-StillEmployed,Active,It/Is,Janet King,2,Employee Referral,Exceeds,4.6,5,6,21-02-2019,0,16,45,15,Active
"Zhou, Julia",10043,0,0,0,1,3,3,0,89292,0,9,Data Analyst,MA,2148,08-06-1980,F,Single,US Citizen,No,White,10-01-2011,Still Working,N/A-StillEmployed,Active,It/Is,Simon Roup,4,Employee Referral,Fully Meets,5,3,5,14-07-2010,0,11,45,14,Active
"Zima, Colleen",10271,0,4,0,1,5,3,0,45046,0,19,Production Technician I,MA,1730,08-06-1980,F,Widowed,US Citizen,No,Asian,10-01-2011,Still Working,N/A-StillEmployed,Active,Production,David Stanley,14,LinkedIn,Fully Meets,4.5,5,0,30-01-2019,0,2,45,14,Active
